Location,Station_ID,Transect,Distance,Long,Lat,Dist_urban (m),Dist_roads (m),Dist_edge (m),Elev (m),
Almonte,ALM_T1_20,T1,20,-122.5234,37.8864,55.4134,49.5581,17.4786,1.6148,
Almonte,ALM_T1_40,T1,40,-122.5232,37.8865,74.7388,69.2232,36.1284,1.5180,
Almonte,ALM_T1_60,T1,60,-122.5230,37.8865,94.4351,89.0664,54.9185,1.5323,
Almonte,ALM_T1_80,T1,80,-122.5227,37.8866,114.1784,108.8989,73.3059,1.5936,
Almonte,ALM_T1_100,T1,100,-122.5225,37.8867,134.0080,128.7568,91.6436,1.5830,
Almonte,ALM_T2_20,T2,20,-122.5248,37.8901,30.4952,42.4100,15.2876,1.6846,
Almonte,ALM_T2_40,T2,40,-122.5246,37.8900,49.1293,58.7789,33.0150,1.6697,
Almonte,ALM_T2_60,T2,60,-122.5244,37.8900,67.6893,75.6739,50.6553,1.6611,
Almonte,ALM_T2_80,T2,80,-122.5242,37.8899,86.3372,93.0603,68.3828,1.6695,
Almonte,ALM_T2_100,T2,100,-122.5240,37.8899,104.8972,110.5411,84.5126,1.6858,
Almonte,ALM_T2_120,T2,120,-122.5238,37.8898,123.5452,128.2822,65.2990,1.6685,
Alto,ALT_T1_20,T1,20,-122.5260,37.8942,72.2823,287.7095,16.4847,1.7165,
Alto,ALT_T1_40,T1,40,-122.5262,37.8941,71.6428,296.4093,33.4771,1.7130,
Alto,ALT_T1_60,T1,60,-122.5263,37.8940,76.4551,277.8820,50.3822,1.6945,
Alto,ALT_T2_20,T2,20,-122.5258,37.8933,135.0268,236.9225,13.3882,1.5765,
Alto,ALT_T2_40,T2,40,-122.5260,37.8933,130.5239,227.7653,30.9373,1.6090,
Alto,ALT_T2_60,T2,60,-122.5262,37.8933,126.7885,218.9113,37.7727,1.6279,
Alto,ALT_T2_80,T2,80,-122.5264,37.8933,124.0599,211.4741,24.9496,1.6522,
Alviso Triangle,TRI_T1_20,T1,20,-121.9754,37.4539,1881.6016,2086.4926,16.8386,2.2279,
Alviso Triangle,TRI_T1_40,T1,40,-121.9755,37.4541,1900.9529,2106.1273,26.3607,2.2278,
Alviso Triangle,TRI_T1_60,T1,60,-121.9756,37.4543,1920.3185,2125.7697,35.8828,2.2225,
Alviso Triangle,TRI_T1_80,T1,80,-121.9757,37.4544,1939.5733,2145.2912,45.3097,2.2206,
Alviso Triangle,TRI_T1_100,T1,100,-121.9758,37.4546,1958.9661,2164.9484,54.8317,2.2443,
Alviso Triangle,TRI_T1_120,T1,120,-121.9759,37.4548,1978.3720,2184.6127,64.3538,2.2280,
Alviso Triangle,TRI_T1_140,T1,140,-121.9760,37.4549,1997.6653,2204.1551,73.7709,2.2098,
Alviso Triangle,TRI_T1_160,T1,160,-121.9761,37.4551,2017.0961,2223.8330,83.2169,2.2159,
Alviso Triangle,TRI_T1_180,T1,180,-121.9762,37.4553,2036.5388,2243.5174,92.6629,2.2304,
Alviso Triangle,TRI_T2_20,T2,20,-121.9820,37.4585,2522.3875,2745.8437,20.5369,2.1566,
Alviso Triangle,TRI_T2_40,T2,40,-121.9819,37.4586,2532.3368,2755.2391,40.5355,2.2359,
Alviso Triangle,TRI_T2_60,T2,60,-121.9817,37.4587,2542.3744,2764.7144,60.5925,2.2631,
Alviso Triangle,TRI_T2_80,T2,80,-121.9816,37.4589,2552.4555,2774.2317,80.5077,2.3227,
Alviso Triangle,TRI_T2_100,T2,100,-121.9815,37.4590,2562.7274,2783.9306,99.3614,2.2610,
Alviso Triangle,TRI_T2_120,T2,120,-121.9813,37.4592,2559.1208,2793.6676,80.5896,2.2578,
Alviso Triangle,TRI_T2_140,T2,140,-121.9812,37.4593,2545.2445,2803.5856,61.6100,2.2545,
American Canyon,AMC_T1_20,T1,20,-122.2715,38.1560,65.2795,110.5414,17.3288,1.7046,
American Canyon,AMC_T1_40,T1,40,-122.2717,38.1560,65.3085,107.9684,36.9813,1.7270,
American Canyon,AMC_T1_60,T1,60,-122.2720,38.1560,65.1974,108.9481,56.6138,1.7573,
American Canyon,AMC_T1_80,T1,80,-122.2722,38.1560,65.1900,108.0951,59.9761,1.7112,
American Canyon,AMC_T1_100,T1,100,-122.2724,38.1560,65.0716,104.3397,60.3945,1.7072,
American Canyon,AMC_T1_120,T1,120,-122.2727,38.1560,66.1239,102.7683,61.2664,1.7480,
American Canyon,AMC_T1_140,T1,140,-122.2729,38.1560,68.1900,103.0479,62.9404,1.6889,
American Canyon,AMC_T2_20,T2,20,-122.2686,38.1589,307.7415,368.4837,50.3649,1.7313,
American Canyon,AMC_T2_40,T2,40,-122.2686,38.1591,294.4824,365.9826,62.2059,1.7929,
American Canyon,AMC_T2_60,T2,60,-122.2686,38.1593,282.0034,349.5165,76.3716,1.7321,
American Canyon,AMC_T2_80,T2,80,-122.2687,38.1594,270.4435,333.4944,92.5997,1.7409,
American Canyon,AMC_T2_100,T2,100,-122.2687,38.1596,259.9759,317.9678,96.4902,1.7506,
American Canyon,AMC_T2_120,T2,120,-122.2687,38.1598,250.5323,302.8211,76.8031,1.6586,
American Canyon,AMC_T2_140,T2,140,-122.2687,38.1600,242.5152,288.4183,57.4871,1.7228,
American Canyon,AMC_T2_160,T2,160,-122.2687,38.1601,235.8397,274.6539,38.2494,1.7444,
Arrowhead,ARO_T1_20,T1,20,-122.2112,37.7416,284.1080,381.5808,1.5059,2.2248,
Arrowhead,ARO_T1_40,T1,40,-122.2117,37.7414,255.9251,390.4314,2.6540,2.2124,
Arrowhead,ARO_T1_60,T1,60,-122.2118,37.7413,243.1933,377.6654,2.1062,1.8839,
Arrowhead,ARO_T1_80,T1,80,-122.2114,37.7415,287.3058,396.7219,0.5878,,
Arrowhead,ARO_T2_20,T2,20,-122.2108,37.7421,232.2606,345.6175,21.7807,1.6915,
Arrowhead,ARO_T2_40,T2,40,-122.2106,37.7421,212.2337,327.0523,14.8669,1.6511,
Arrowhead,ARO_T2_60,T2,60,-122.2104,37.7422,192.2069,308.6699,10.3519,1.6955,
Bay Point,BPT_T1_20,T1,20,-121.9660,38.0420,293.9672,319.4874,5.6189,,
Bay Point,BPT_T1_40,T1,40,-121.9658,38.0419,286.6884,323.2719,20.3422,,
Bay Point,BPT_T1_60,T1,60,-121.9656,38.0419,271.3497,320.9717,35.6641,,
Bay Point,BPT_T1_80,T1,80,-121.9655,38.0418,260.2560,320.5347,46.7496,,
Bay Point,BPT_T1_100,T1,100,-121.9654,38.0418,245.3228,321.2967,61.6761,,
Bay Point,BPT_T1_120,T1,120,-121.9652,38.0417,231.1333,319.6790,75.5469,,
Bay Point,BPT_T1_140,T1,140,-121.9650,38.0417,215.2303,320.6891,91.0869,,
Bay Point,BPT_T1_160,T1,160,-121.9649,38.0417,200.0052,325.2143,106.4002,,
Bay Point,BPT_T2_20,T2,20,-121.9683,38.0444,491.2676,499.7362,22.8271,,
Bay Point,BPT_T2_40,T2,40,-121.9682,38.0446,511.8635,520.3263,43.0606,,
Bay Point,BPT_T2_60,T2,60,-121.9682,38.0448,512.9091,539.8703,62.3177,,
Bay Point,BPT_T2_80,T2,80,-121.9681,38.0450,512.5793,560.1665,82.2030,,
Bay Point,BPT_T2_100,T2,100,-121.9681,38.0451,511.9327,579.7106,101.5837,,
Bay Point,BPT_T2_120,T2,120,-121.9680,38.0453,512.3609,600.3006,122.0625,,
Bay Point,BPT_T2_140,T2,140,-121.9680,38.0455,514.0813,619.5508,141.2460,,
Bay Point,BPT_T2_160,T2,160,-121.9679,38.0457,515.7060,639.0948,160.7725,,
Bay Point,BPT_T2_180,T2,180,-121.9678,38.0458,518.5122,659.6765,181.3597,,
Bay Point,BPT_T2_200,T2,200,-121.9678,38.0460,522.4271,678.8747,200.6284,,
Bayfront Park,BFT_T1_20,T1,20,-122.5263,37.8987,40.2349,120.9530,13.0093,1.6982,
Bayfront Park,BFT_T1_40,T1,40,-122.5262,37.8985,46.3224,127.7050,18.9272,1.6736,
Bayfront Park,BFT_T1_60,T1,60,-122.5261,37.8984,53.7325,129.5356,26.2485,1.7927,
Bayfront Park,BFT_T1_80,T1,80,-122.5260,37.8982,59.8201,139.7138,31.9916,1.7772,
Bayfront Park,BFT_T1_100,T1,100,-122.5259,37.8981,67.2303,142.3665,39.2188,1.7157,
Bayfront Park,BFT_T1_120,T1,120,-122.5258,37.8979,73.3180,137.5610,30.0670,1.6515,
Bayfront Park,BFT_T2_20,T2,20,-122.5266,37.9000,31.2310,58.1847,5.3752,1.9642,
Bayfront Park,BFT_T2_40,T2,40,-122.5265,37.9000,39.9635,51.5619,14.0906,0.8220,
Bayfront Park,BFT_T2_60,T2,60,-122.5264,37.9000,48.6960,44.9391,16.1589,1.6272,
Bayfront Park,BFT_T2_80,T2,80,-122.5264,37.8994,37.3390,93.2482,10.5975,1.8466,
Belden's Landing,BEL_T1_20,T1,20,-121.9771,38.1888,3671.1325,17.2038,9.9784,2.0010,
Belden's Landing,BEL_T1_40,T1,40,-121.9773,38.1888,3687.6685,36.2056,28.9476,1.9890,
Belden's Landing,BEL_T1_60,T1,60,-121.9775,38.1887,3704.8553,55.4217,48.0832,1.9530,
Belden's Landing,BEL_T1_80,T1,80,-121.9777,38.1887,3722.5469,74.7954,54.6998,1.9360,
Belden's Landing,BEL_T1_100,T1,100,-121.9780,38.1887,3742.1093,96.2187,53.2252,2.0650,
Belden's Landing,BEL_T1_120,T1,120,-121.9782,38.1886,3762.1057,114.3331,53.4438,2.0100,
Belden's Landing,BEL_T1_140,T1,140,-121.9785,38.1886,3783.2346,124.6335,50.7762,1.9820,
Belden's Landing,BEL_T1_160,T1,160,-121.9788,38.1885,3802.9398,134.8585,51.8736,1.9550,
Belden's Landing,BEL_T1_180,T1,180,-121.9790,38.1885,3821.9751,144.7780,49.7198,2.0190,
Belden's Landing,BEL_T1_200,T1,200,-121.9792,38.1884,3841.2413,154.5071,48.8428,1.9820,
Belden's Landing,BEL_T2_20,T2,20,-121.9783,38.1894,3712.2380,33.8044,21.4833,1.9570,
Belden's Landing,BEL_T2_40,T2,40,-121.9785,38.1894,3728.7693,39.5338,12.3412,1.9330,
Belden's Landing,BEL_T2_60,T2,60,-121.9787,38.1894,3743.5019,45.0325,19.5722,1.9310,
Belden's Landing,BEL_T2_80,T2,80,-121.9789,38.1894,3758.1418,49.9746,28.9532,2.0550,
Belden's Landing,BEL_T2_100,T2,100,-121.9791,38.1893,3772.7814,55.5146,29.8905,1.9560,
Belden's Landing,BEL_T2_120,T2,120,-121.9793,38.1893,3787.2107,61.4157,14.1270,1.9250,
Belden's Landing,BEL_T2_140,T2,140,-121.9795,38.1893,3802.7172,67.6258,2.1315,,
Belden's Landing,BEL_T2_160,T2,160,-121.9797,38.1893,3819.7101,74.6077,5.0502,,
Belden's Landing,BEL_T2_180,T2,180,-121.9799,38.1893,3835.2024,80.5961,2.4058,1.9640,
Belden's Landing,BEL_T2_200,T2,200,-121.9801,38.1893,3851.5038,86.7382,18.0139,1.9350,
Belmont Slough,BLM_T1_20,T1,20,-122.2535,37.5412,177.2705,230.1583,17.2766,2.0001,
Belmont Slough,BLM_T1_40,T1,40,-122.2533,37.5412,195.8821,242.5504,17.7087,2.0403,
Belmont Slough,BLM_T1_60,T1,60,-122.2530,37.5412,214.9498,253.6758,24.3612,2.0447,
Belmont Slough,BLM_T1_80,T1,80,-122.2528,37.5412,233.8483,264.0884,34.2076,2.0456,
Belmont Slough,BLM_T1_100,T1,100,-122.2526,37.5412,236.6022,276.6595,45.0001,2.0484,
Belmont Slough,BLM_T1_120,T1,120,-122.2523,37.5412,219.2424,288.1588,56.3826,1.8748,
Belmont Slough,BLM_T1_140,T1,140,-122.2521,37.5412,200.5777,271.3182,72.1430,2.0594,
Belmont Slough,BLM_T1_160,T1,160,-122.2519,37.5411,181.8589,250.4833,86.4486,1.9842,
Belmont Slough,BLM_T1_180,T1,180,-122.2516,37.5411,162.2230,229.9456,65.8414,1.9328,
Belmont Slough,BLM_T1_200,T1,200,-122.2514,37.5411,144.7578,209.5591,45.6935,1.9802,
Belmont Slough,BLM_T2_20,T2,20,-122.2517,37.5414,187.4051,244.5458,71.2397,1.9615,
Belmont Slough,BLM_T2_40,T2,40,-122.2518,37.5416,204.7577,258.2971,66.4861,1.9231,
Belmont Slough,BLM_T2_60,T2,60,-122.2519,37.5418,222.7573,273.7292,51.7908,1.9074,
Belmont Slough,BLM_T2_80,T2,80,-122.2520,37.5420,240.2893,289.3161,38.5616,1.9739,
Belmont Slough,BLM_T2_100,T2,100,-122.2521,37.5421,257.8034,305.0835,31.2057,1.9385,
Belmont Slough,BLM_T2_120,T2,120,-122.2522,37.5423,266.8623,321.3930,27.3333,1.9194,
Belmont Slough,BLM_T2_140,T2,140,-122.2523,37.5425,263.0441,336.9179,29.0656,1.9998,
Belmont Slough,BLM_T2_160,T2,160,-122.2523,37.5427,259.3692,354.2724,31.0502,1.9631,
Belmont Slough,BLM_T2_180,T2,180,-122.2524,37.5428,255.8258,372.0597,33.5152,1.6450,
Belmont Slough,BLM_T2_200,T2,200,-122.2526,37.5430,245.6818,352.5561,32.4904,1.7505,
Benicia Industrial,BIU_T1_20,T1,20,-122.1127,38.0804,20.1819,33.4304,11.9341,1.7180,
Benicia Industrial,BIU_T1_40,T1,40,-122.1125,38.0803,40.0904,53.3284,31.7180,1.5110,
Benicia Industrial,BIU_T1_60,T1,60,-122.1123,38.0802,60.0796,73.3050,51.5740,1.3780,
Benicia Industrial,BIU_T1_80,T1,80,-122.1121,38.0802,73.4004,87.1718,67.6146,1.5680,
Benicia Industrial,BIU_T1_100,T1,100,-122.1120,38.0804,67.7393,81.9878,63.5082,1.7870,
Benicia Industrial,BIU_T1_120,T1,120,-122.1112,38.0806,94.5960,110.2207,90.7198,2.5710,
Benicia Industrial,BIU_T1_140,T1,140,-122.1102,38.0808,39.8577,152.2593,19.6033,1.8180,
Benicia Industrial,BIU_T2_20,T2,20,-122.1134,38.0775,77.3739,188.6417,45.6069,1.6330,
Benicia Industrial,BIU_T2_40,T2,40,-122.1133,38.0776,86.1658,186.5525,50.3800,1.5220,
Benicia Industrial,BIU_T2_60,T2,60,-122.1132,38.0778,98.2894,184.5116,55.1531,1.4370,
Benicia Industrial,BIU_T2_80,T2,80,-122.1132,38.0780,112.7520,183.2804,59.8551,1.4610,
Benicia Industrial,BIU_T2_100,T2,100,-122.1131,38.0781,128.6370,181.9744,64.6283,1.6780,
Benicia Industrial,BIU_T2_120,T2,120,-122.1130,38.0783,145.6040,177.7424,69.3303,1.2970,
Bothin Marsh,BOM_T1_20,T1,20,-122.5237,37.8835,92.6285,87.8494,56.4027,1.4945,
Bothin Marsh,BOM_T1_40,T1,40,-122.5236,37.8834,106.4560,101.3391,61.3376,1.4173,
Bothin Marsh,BOM_T1_60,T1,60,-122.5233,37.8834,124.3579,119.1699,73.6834,1.2998,
Bothin Marsh,BOM_T1_80,T1,80,-122.5234,37.8841,95.6569,91.0306,66.4194,1.5322,
Bothin Marsh,BOM_T1_100,T1,100,-122.5232,37.8840,114.7988,109.6770,85.0579,1.3476,
Bothin Marsh,BOM_T2_20,T2,20,-122.5240,37.8836,71.0407,66.8516,33.7230,1.5726,
Bothin Marsh,BOM_T2_40,T2,40,-122.5238,37.8838,84.7297,80.7715,34.4888,1.4944,
Bothin Marsh,BOM_T2_60,T2,60,-122.5238,37.8840,80.9612,78.6823,35.4629,1.4962,
Bothin Marsh,BOM_T2_80,T2,80,-122.5236,37.8841,78.5128,74.6310,49.0212,1.5533,
Bothin Marsh,BOM_T2_100,T2,100,-122.5234,37.8843,78.6168,73.4459,48.7824,1.5089,
Bothin Marsh,BOM_T2_120,T2,120,-122.5233,37.8844,74.6959,68.9753,44.9648,1.3232,
Bothin Marsh,BOM_T2_140,T2,140,-122.5233,37.8846,62.0460,53.8376,33.9401,1.3898,
Bothin Marsh,BOM_T2_160,T2,160,-122.5232,37.8848,66.9022,56.6592,35.7435,1.4906,
Bothin Marsh,BOM_T2_180,T2,180,-122.5232,37.8850,57.6942,47.9669,25.6021,1.4196,
Bothin Marsh,BOM_T2_200,T2,200,-122.5232,37.8851,45.9341,38.1849,18.1011,1.3492,
Bothin South,BOS_T1_20,T1,20,-122.5226,37.8819,60.7505,180.8184,8.9873,1.6890,
Bothin South,BOS_T1_40,T1,40,-122.5225,37.8820,76.4116,194.1310,23.4856,1.7066,
Bothin South,BOS_T1_60,T1,60,-122.5224,37.8822,88.3000,203.7852,38.6753,1.7310,
Bothin South,BOS_T1_80,T1,80,-122.5224,37.8823,105.5270,215.0563,45.0406,1.9424,
Bothin South,BOS_T1_100,T1,100,-122.5222,37.8824,123.2700,215.9099,58.5977,1.8941,
Bothin South,BOS_T1_120,T1,120,-122.5220,37.8825,138.5098,209.1870,76.7850,1.9889,
Bothin South,BOS_T2_20,T2,20,-122.5246,37.8835,14.2889,9.5612,3.1562,2.9595,
Bothin South,BOS_T2_40,T2,40,-122.5245,37.8836,23.7002,19.3625,12.9144,1.8414,
Bothin South,BOS_T2_60,T2,60,-122.5242,37.8838,49.0107,45.0538,6.6551,1.7009,
Bothin South,BOS_T2_80,T2,80,-122.5241,37.8840,59.6928,57.5181,9.0266,1.6088,
Browns Island,BRI_T1_20,T1,20,-121.8692,38.0340,263.4301,658.0469,41.2967,,
Browns Island,BRI_T1_40,T1,40,-121.8690,38.0339,265.3356,669.7476,48.8357,,
Browns Island,BRI_T1_60,T1,60,-121.8688,38.0338,263.7541,679.2508,46.2767,,
Browns Island,BRI_T1_80,T1,80,-121.8686,38.0337,265.7502,691.9007,45.9851,,
Browns Island,BRI_T1_100,T1,100,-121.8685,38.0336,262.5927,702.8216,44.1609,,
Browns Island,BRI_T1_120,T1,120,-121.8683,38.0335,255.7866,713.9989,41.2020,,
Browns Island,BRI_T1_140,T1,140,-121.8680,38.0335,253.7773,728.9882,39.0985,,
Browns Island,BRI_T1_160,T1,160,-121.8678,38.0334,250.9270,745.3853,41.6301,,
Browns Island,BRI_T1_180,T1,180,-121.8676,38.0334,247.0307,762.1384,40.5236,,
Browns Island,BRI_T1_200,T1,200,-121.8674,38.0333,242.7965,778.8740,36.9067,,
Burdell Unit,BUR_T1_20,T1,20,-122.5576,38.1494,721.4656,710.3592,46.8132,0.4200,
Burdell Unit,BUR_T1_40,T1,40,-122.5577,38.1492,702.9576,699.6244,59.4731,0.4200,
Burdell Unit,BUR_T1_60,T1,60,-122.5578,38.1490,684.0875,687.5046,73.2188,0.4200,
Burdell Unit,BUR_T1_80,T1,80,-122.5579,38.1488,664.1649,676.1126,83.9706,0.4200,
Burdell Unit,BUR_T1_100,T1,100,-122.5579,38.1487,644.2984,665.1439,72.8689,0.4200,
Burdell Unit,BUR_T1_120,T1,120,-122.5580,38.1485,625.6252,654.2092,65.0390,0.4710,
Burdell Unit,BUR_T1_140,T1,140,-122.5580,38.1483,605.1425,644.6760,60.7161,0.5104,
Burdell Unit,BUR_T1_160,T1,160,-122.5581,38.1481,585.1180,631.2776,59.3766,0.4200,
Burdell Unit,BUR_T1_180,T1,180,-122.5582,38.1479,565.3977,619.9972,63.4555,0.4200,
Burdell Unit,BUR_T1_200,T1,200,-122.5583,38.1478,546.3546,607.7315,71.9923,0.4200,
Burdell Unit,BUR_T2_20,T2,20,-122.5586,38.1472,483.8145,566.0434,35.6493,0.5687,
Burdell Unit,BUR_T2_40,T2,40,-122.5584,38.1471,470.2059,579.3328,44.4399,0.5074,
Burdell Unit,BUR_T2_60,T2,60,-122.5582,38.1469,455.8571,593.3501,53.5735,0.5309,
Burdell Unit,BUR_T2_80,T2,80,-122.5580,38.1468,440.5713,605.1577,60.2759,0.4200,
Burdell Unit,BUR_T2_100,T2,100,-122.5578,38.1467,426.5117,618.4580,68.5057,0.4200,
Burdell Unit,BUR_T2_120,T2,120,-122.5576,38.1466,413.5549,632.1221,76.8854,0.4200,
Burdell Unit,BUR_T2_140,T2,140,-122.5574,38.1465,399.9492,621.9317,83.9094,0.4200,
Burdell Unit,BUR_T2_160,T2,160,-122.5572,38.1464,389.1136,613.1142,91.4752,0.4200,
Burdell Unit,BUR_T2_180,T2,180,-122.5571,38.1462,376.9986,602.9164,98.5748,0.4200,
Burdell Unit,BUR_T2_200,T2,200,-122.5569,38.1461,366.2292,593.8053,106.0509,0.4200,
Byxbee (Harbor),BYX_T1_20,T1,20,-122.1042,37.4527,351.9242,526.4189,0.6413,,
Byxbee (Harbor),BYX_T1_40,T1,40,-122.1045,37.4527,322.9523,496.8043,28.2467,2.1497,
Byxbee (Harbor),BYX_T1_60,T1,60,-122.1048,37.4526,301.5286,479.2568,44.9240,1.9615,
Byxbee (Harbor),BYX_T1_80,T1,80,-122.1048,37.4526,293.5682,475.9736,47.5385,2.1815,
Byxbee (Harbor),BYX_T2_20,T2,20,-122.1031,37.4546,469.1722,483.2473,21.3121,2.1956,
Byxbee (Harbor),BYX_T2_40,T2,40,-122.1033,37.4549,435.9858,449.5428,55.7747,2.0386,
Byxbee (Harbor),BYX_T2_60,T2,60,-122.1034,37.4550,422.7384,436.3373,44.4437,2.1392,
Byxbee (Harbor),BYX_T2_80,T2,80,-122.1037,37.4550,403.8036,418.1980,37.7257,2.0672,
Byxbee (Harbor),BYX_T2_100,T2,100,-122.1038,37.4551,385.2823,399.1342,17.3571,2.2268,
China Camp,CHI_T1_20,T1,20,-122.4676,38.0036,617.8704,46.2170,1.0067,,
China Camp,CHI_T1_40,T1,40,-122.4676,38.0034,598.0219,42.3882,12.1367,1.8390,
China Camp,CHI_T1_60,T1,60,-122.4676,38.0032,575.0127,21.0900,15.2401,1.9345,
China Camp,CHI_T1_80,T1,80,-122.4679,38.0032,579.1356,18.0796,8.7693,1.8261,
China Camp,CHI_T1_100,T1,100,-122.4681,38.0032,589.4109,17.7892,7.3118,1.7806,
China Camp,CHI_T1_120,T1,120,-122.4683,38.0033,600.3931,17.3645,1.9403,1.5979,
China Camp,CHI_T1_140,T1,140,-122.4686,38.0033,595.5499,16.0334,3.2457,1.2661,
China Camp,CHI_T1_160,T1,160,-122.4688,38.0033,590.9401,16.9193,3.9488,1.6286,
China Camp,CHI_T1_180,T1,180,-122.4690,38.0034,588.8036,19.0483,3.4656,1.7452,
China Camp,CHI_T1_200,T1,200,-122.4692,38.0034,591.0768,22.2325,1.5136,,
China Camp,CHI_T2_20,T2,20,-122.4695,38.0035,594.5944,23.8751,1.9165,1.7748,
China Camp,CHI_T2_40,T2,40,-122.4697,38.0036,602.4521,29.1832,0.8482,,
China Camp,CHI_T2_60,T2,60,-122.4699,38.0037,611.0433,36.6007,1.1959,1.5576,
China Camp,CHI_T2_80,T2,80,-122.4701,38.0038,617.3667,33.4249,6.2391,1.7379,
China Camp,CHI_T2_100,T2,100,-122.4702,38.0040,631.9423,33.8768,0.1322,1.5986,
China Camp,CHI_T2_120,T2,120,-122.4704,38.0041,645.4152,28.2801,0.8070,1.6357,
Corte Madera Triangle,CMT_T1_20,T1,20,-122.4961,37.9215,39.6698,32.0785,13.7485,1.6932,
Corte Madera Triangle,CMT_T1_40,T1,40,-122.4960,37.9216,56.1947,47.6023,26.6473,1.7158,
Corte Madera Triangle,CMT_T1_60,T1,60,-122.4959,37.9218,72.7197,63.5443,37.8221,1.7403,
Corte Madera Triangle,CMT_T1_80,T1,80,-122.4958,37.9220,89.1341,79.9226,41.9459,1.7236,
Corte Madera Triangle,CMT_T1_100,T1,100,-122.4957,37.9221,105.6683,96.7975,22.7013,1.6470,
Corte Madera Triangle,CMT_T1_120,T1,120,-122.4958,37.9223,130.3012,121.1531,8.8328,1.6932,
Corte Madera Triangle,CMT_T2_20,T2,20,-122.4971,37.9216,40.2598,46.4452,16.7614,1.6938,
Corte Madera Triangle,CMT_T2_40,T2,40,-122.4971,37.9218,49.7829,65.8070,34.6278,1.7395,
Corte Madera Triangle,CMT_T2_60,T2,60,-122.4970,37.9220,59.0239,85.5500,52.9483,1.7120,
Corte Madera Triangle,CMT_T2_80,T2,80,-122.4970,37.9222,63.5834,105.3696,63.2773,1.7012,
Corte Madera Triangle,CMT_T2_100,T2,100,-122.4969,37.9223,68.1429,115.6197,67.4316,1.7188,
Corte Madera Triangle,CMT_T2_120,T2,120,-122.4969,37.9225,72.7903,120.0419,71.6738,1.6980,
Corte Madera Triangle,CMT_T2_140,T2,140,-122.4968,37.9227,77.3498,124.3861,63.1582,1.6360,
Corte Madera Triangle,CMT_T2_160,T2,160,-122.4968,37.9229,82.4404,128.8478,43.5277,1.6972,
Corte Madera Triangle,CMT_T2_180,T2,180,-122.4967,37.9230,86.3959,133.2216,24.5949,1.6062,
Creekside,LCS_T1_20,T1,20,-122.5389,37.9492,17.1797,167.5622,17.1797,1.6148,
Creekside,LCS_T1_40,T1,40,-122.5392,37.9492,37.2075,175.7384,37.2075,1.5275,
Creekside,LCS_T1_60,T1,60,-122.5394,37.9492,57.1475,159.3727,57.1475,1.6889,
Creekside,LCS_T1_80,T1,80,-122.5396,37.9492,48.6828,143.1614,48.6828,1.7083,
Creekside,LCS_T1_100,T1,100,-122.5398,37.9492,29.6240,127.0855,29.6240,1.5713,
Creekside,LCS_T1_120,T1,120,-122.5401,37.9492,13.0856,110.8742,13.0856,1.6478,
Creekside,LCS_T2_20,T2,20,-122.5388,37.9486,26.7972,127.8378,26.7972,1.5919,
Creekside,LCS_T2_40,T2,40,-122.5390,37.9485,45.2318,132.9494,45.2318,1.6619,
Creekside,LCS_T2_60,T2,60,-122.5391,37.9484,62.8924,139.2813,62.8924,1.5358,
Creekside,LCS_T2_80,T2,80,-122.5393,37.9482,43.5324,146.7529,43.5324,1.5569,
Cullin Ranch,CUL_T1_20,T1,20,-122.3074,38.1302,2245.6756,64.1732,11.1874,1.5940,
Cullin Ranch,CUL_T1_40,T1,40,-122.3073,38.1300,2225.5015,76.5964,9.2077,1.5685,
Cullin Ranch,CUL_T1_60,T1,60,-122.3072,38.1299,2203.3620,93.9432,6.0354,1.5730,
Cullin Ranch,CUL_T1_80,T1,80,-122.3071,38.1297,2181.0726,108.7695,4.8689,1.6507,
Cullin Ranch,CUL_T1_100,T1,100,-122.3070,38.1295,2159.6185,123.5534,5.1239,1.6126,
Cullin Ranch,CUL_T1_120,T1,120,-122.3069,38.1294,2139.4645,138.3451,5.3066,1.6310,
Cullin Ranch,CUL_T1_140,T1,140,-122.3067,38.1292,2118.4798,155.4401,3.2190,1.7548,
Cullin Ranch,CUL_T1_160,T1,160,-122.3066,38.1290,2097.4788,173.6898,3.6304,2.0158,
Cullin Ranch,CUL_T1_180,T1,180,-122.3064,38.1289,2076.0620,193.6105,1.9224,1.7438,
Cullin Ranch,CUL_T1_200,T1,200,-122.3063,38.1288,2057.4942,211.5776,1.3794,1.7174,
Cullin Ranch,CUL_T2_20,T2,20,-122.3116,38.1246,2052.2597,12.0361,19.2483,0.3768,
Cullin Ranch,CUL_T2_40,T2,40,-122.3118,38.1244,2048.6263,12.4065,23.3129,0.3921,
Cullin Ranch,CUL_T2_60,T2,60,-122.3118,38.1243,2042.6939,15.5751,36.1873,0.4716,
Cullin Ranch,CUL_T2_80,T2,80,-122.3120,38.1241,2040.1081,15.4125,37.6664,0.5063,
Cullin Ranch,CUL_T2_100,T2,100,-122.3121,38.1239,2040.7659,12.1164,28.9214,0.4633,
Cullin Ranch,CUL_T2_120,T2,120,-122.3122,38.1238,2038.2933,12.6968,23.4615,0.5189,
Cullin Ranch,CUL_T2_140,T2,140,-122.3123,38.1236,2034.8893,14.5351,23.3573,0.3083,
Cullin Ranch,CUL_T2_160,T2,160,-122.3124,38.1234,2030.9586,17.1840,24.7663,0.2893,
Cullin Ranch,CUL_T2_180,T2,180,-122.3125,38.1232,2024.9721,22.1710,29.6145,0.5411,
Cullin Ranch,CUL_T2_200,T2,200,-122.3123,38.1231,1997.7730,49.1240,56.5844,0.4122,
Dixon Landing,DIX_T1_20,T1,20,-121.9285,37.4566,55.6971,159.7439,12.8595,2.7174,
Dixon Landing,DIX_T1_40,T1,40,-121.9286,37.4568,58.7650,171.4310,14.1350,2.4657,
Dixon Landing,DIX_T1_60,T1,60,-121.9287,37.4569,57.8813,188.7496,14.0117,2.4224,
Dixon Landing,DIX_T1_80,T1,80,-121.9289,37.4570,59.4587,207.7627,10.9552,2.5138,
Dixon Landing,DIX_T1_100,T1,100,-121.9291,37.4570,59.6201,226.3615,9.0943,3.1551,
Dixon Landing,DIX_T1_120,T1,120,-121.9293,37.4570,58.1038,245.0546,8.7585,2.6516,
Dixon Landing,DIX_T1_140,T1,140,-121.9295,37.4570,58.0390,262.5871,5.5263,2.4665,
Dixon Landing,DIX_T1_160,T1,160,-121.9298,37.4570,56.2849,279.7427,4.3228,2.3846,
Dixon Landing,DIX_T2_20,T2,20,-121.9283,37.4568,79.4820,152.3384,0.6835,1.2729,
Dixon Landing,DIX_T2_40,T2,40,-121.9282,37.4567,80.8896,136.1552,2.8240,1.2425,
Dixon Landing,DIX_T2_60,T2,60,-121.9281,37.4565,77.4897,125.1907,23.7539,1.3780,
Dixon Landing,DIX_T2_80,T2,80,-121.9280,37.4563,76.8443,113.7760,41.3033,1.4135,
Dixon Landing,DIX_T2_100,T2,100,-121.9280,37.4561,78.3200,101.0139,32.0273,1.4266,
Dixon Landing,DIX_T2_120,T2,120,-121.9279,37.4559,78.2270,91.6333,28.8520,1.4542,
Dixon Landing,DIX_T2_140,T2,140,-121.9279,37.4557,74.5706,79.8347,25.9257,1.4923,
Dixon Landing,DIX_T2_160,T2,160,-121.9278,37.4556,68.1619,63.8882,8.6625,1.7684,
Dotson Marsh North,DTN_T1_20,T1,20,-122.3636,37.9827,310.3908,383.0508,5.9207,,
Dotson Marsh North,DTN_T1_40,T1,40,-122.3636,37.9829,324.4561,404.2028,10.4542,1.8777,
Dotson Marsh North,DTN_T1_60,T1,60,-122.3637,37.9832,341.6929,429.6789,10.8582,1.7395,
Dotson Marsh North,DTN_T2_20,T2,20,-122.3627,37.9842,466.2351,523.4280,38.9886,2.6589,
Dotson Marsh North,DTN_T2_40,T2,40,-122.3630,37.9841,464.8744,537.8343,26.2048,1.9700,
Dotson Marsh North,DTN_T2_60,T2,60,-122.3632,37.9840,442.5095,530.3695,5.4293,1.4333,
Dotson Marsh South,DTS_T1_20,T1,20,-122.3642,37.9817,193.0300,258.1596,5.9343,2.0266,
Dotson Marsh South,DTS_T1_40,T1,40,-122.3645,37.9818,186.0810,268.9268,21.2883,1.9448,
Dotson Marsh South,DTS_T1_60,T1,60,-122.3647,37.9819,182.6412,282.9591,33.2848,1.7340,
Dotson Marsh South,DTS_T1_80,T1,80,-122.3649,37.9822,189.4279,307.0092,10.9590,1.7940,
Dotson Marsh South,DTS_T2_20,T2,20,-122.3648,37.9807,85.6034,150.3009,2.6009,1.8015,
Dotson Marsh South,DTS_T2_40,T2,40,-122.3650,37.9809,86.4178,168.3383,24.8032,1.9109,
Dotson Marsh South,DTS_T2_60,T2,60,-122.3652,37.9811,88.3123,192.7800,22.1226,1.7215,
Dotson Marsh South,DTS_T2_80,T2,80,-122.3654,37.9813,86.8140,215.7867,4.6385,,
Flood Control Basin,FLC_T1_20,T1,20,-122.1033,37.4378,366.5314,515.3258,293.4245,0.5326,
Flood Control Basin,FLC_T1_40,T1,40,-122.1036,37.4379,380.4852,504.7967,307.2089,0.3586,
Flood Control Basin,FLC_T1_60,T1,60,-122.1038,37.4379,394.9956,494.1998,321.0584,0.2805,
Flood Control Basin,FLC_T1_80,T1,80,-122.1040,37.4380,409.9701,483.6029,335.3718,0.2290,
Flood Control Basin,FLC_T1_100,T1,100,-122.1042,37.4380,421.3264,473.0062,350.2447,0.3113,
Flood Control Basin,FLC_T1_120,T1,120,-122.1044,37.4381,401.8839,462.4094,365.6088,0.3026,
Flood Control Basin,FLC_T1_140,T1,140,-122.1046,37.4381,382.4429,451.8127,370.1707,0.4113,
Flood Control Basin,FLC_T1_160,T1,160,-122.1048,37.4382,363.0903,441.2840,350.8777,0.8091,
Flood Control Basin,FLC_T1_180,T1,180,-122.1051,37.4383,343.6577,430.6161,331.5034,0.5478,
Flood Control Basin,FLC_T1_200,T1,200,-122.1053,37.4383,324.2169,420.0196,312.1254,0.4765,
Flood Control Basin,FLC_T2_20,T2,20,-122.1012,37.4407,618.3410,793.0497,299.8133,0.4686,
Flood Control Basin,FLC_T2_40,T2,40,-122.1012,37.4409,643.4461,818.2921,280.2066,0.3440,
Flood Control Basin,FLC_T2_60,T2,60,-122.1012,37.4412,671.1362,846.1260,260.1638,0.3571,
Flood Control Basin,FLC_T2_80,T2,80,-122.1011,37.4414,690.6990,865.7449,246.0524,0.5592,
Flood Control Basin,FLC_T2_100,T2,100,-122.1011,37.4416,715.9931,891.1217,228.7646,0.5059,
Flood Control Basin,FLC_T2_120,T2,120,-122.1011,37.4418,739.0417,914.2327,212.8592,0.5187,
Flood Control Basin,FLC_T2_140,T2,140,-122.1011,37.4420,762.1798,937.7245,197.2904,0.7123,
Flood Control Basin,FLC_T2_160,T2,160,-122.1011,37.4422,772.5130,959.8545,183.4109,0.6602,
Flood Control Basin,FLC_T2_180,T2,180,-122.1011,37.4424,781.3957,979.7651,170.5155,0.6928,
Freeman Island,FRI_T1_20,T1,20,-121.9852,38.0776,2822.7209,4036.8448,22.8969,1.8230,
Freeman Island,FRI_T1_40,T1,40,-121.9851,38.0778,2838.7580,4052.3178,40.5720,1.8660,
Freeman Island,FRI_T1_60,T1,60,-121.9849,38.0779,2851.0027,4063.7002,55.5415,1.7690,
Freeman Island,FRI_T1_80,T1,80,-121.9847,38.0780,2864.7472,4076.5241,73.3673,1.8150,
Freeman Island,FRI_T1_100,T1,100,-121.9845,38.0781,2877.8659,4088.6797,91.4574,1.7080,
Freeman Island,FRI_T1_120,T1,120,-121.9843,38.0782,2890.0404,4099.6239,110.6447,1.8140,
Freeman Island,FRI_T1_140,T1,140,-121.9842,38.0783,2905.3803,4113.8863,112.9724,1.8340,
Freeman Island,FRI_T1_160,T1,160,-121.9840,38.0784,2919.2351,4126.3820,91.6811,1.7990,
Freeman Island,FRI_T1_180,T1,180,-121.9838,38.0785,2934.0562,4139.8720,70.7037,1.6630,
Freeman Island,FRI_T1_200,T1,200,-121.9836,38.0787,2948.1289,4152.4762,50.0665,1.5740,
Freeman Island,FRI_T2_20,T2,20,-121.9861,38.0779,2851.7679,4051.4354,17.9646,1.8410,
Freeman Island,FRI_T2_40,T2,40,-121.9863,38.0780,2859.9658,4051.9639,29.4050,1.9710,
Freeman Island,FRI_T2_60,T2,60,-121.9865,38.0781,2869.4136,4054.5499,15.9975,1.8730,
Freeman Island,FRI_T2_80,T2,80,-121.9867,38.0782,2878.2787,4056.2954,16.7951,1.8440,
Freeman Island,FRI_T2_100,T2,100,-121.9869,38.0782,2884.9100,4055.3317,18.8213,1.8100,
Freeman Island,FRI_T2_120,T2,120,-121.9872,38.0783,2889.1380,4050.5203,26.6585,1.8000,
Freeman Island,FRI_T2_140,T2,140,-121.9873,38.0784,2903.4041,4058.0331,32.4875,1.7600,
Freeman Island,FRI_T2_160,T2,160,-121.9875,38.0785,2920.3564,4069.0562,38.1150,1.7890,
Freeman Island,FRI_T2_180,T2,180,-121.9876,38.0787,2937.4485,4080.5496,51.6640,1.7910,
Freeman Island,FRI_T2_200,T2,200,-121.9877,38.0788,2953.9483,4091.0075,68.0321,1.7300,
Giant Marsh,GIA_T1_20,T1,20,-122.3575,37.9910,266.1212,326.5809,22.7653,1.8640,
Giant Marsh,GIA_T1_40,T1,40,-122.3577,37.9910,269.6017,329.6282,41.4647,1.8329,
Giant Marsh,GIA_T1_60,T1,60,-122.3579,37.9909,272.9802,333.7487,55.4830,1.8521,
Giant Marsh,GIA_T1_80,T1,80,-122.3582,37.9909,277.1576,339.1034,63.2162,1.8612,
Giant Marsh,GIA_T1_100,T1,100,-122.3584,37.9909,282.6517,345.4912,75.5284,1.8532,
Giant Marsh,GIA_T1_120,T1,120,-122.3586,37.9908,289.3696,352.8471,58.8567,1.8555,
Giant Marsh,GIA_T1_140,T1,140,-122.3588,37.9908,297.3784,361.2549,38.8438,1.8409,
Giant Marsh,GIA_T1_160,T1,160,-122.3591,37.9908,306.4871,370.5540,18.8309,1.8408,
Giant Marsh,GIA_T2_20,T2,20,-122.3576,37.9894,109.8787,173.8230,9.2371,2.1532,
Giant Marsh,GIA_T2_40,T2,40,-122.3578,37.9894,117.7486,181.7223,28.9455,1.9838,
Giant Marsh,GIA_T2_60,T2,60,-122.3580,37.9893,128.2865,191.3972,48.6539,1.9484,
Giant Marsh,GIA_T2_80,T2,80,-122.3582,37.9893,140.7635,202.4571,68.3364,2.0224,
Giant Marsh,GIA_T2_100,T2,100,-122.3585,37.9892,154.9440,214.9404,87.9691,1.8358,
Giant Marsh,GIA_T2_120,T2,120,-122.3587,37.9892,170.3005,228.4976,69.6548,1.8119,
Giant Marsh,GIA_T2_140,T2,140,-122.3589,37.9891,186.4274,242.8233,52.6909,1.8404,
Giant Marsh,GIA_T2_160,T2,160,-122.3591,37.9890,203.3480,258.0225,36.0871,1.9256,
Giant Marsh,GIA_T2_180,T2,180,-122.3593,37.9890,220.7871,273.8418,18.5329,1.9060,
Goodyear,GYS_T1_20,T1,20,-122.1056,38.0840,109.2182,189.5336,7.0604,1.9140,
Goodyear,GYS_T1_40,T1,40,-122.1053,38.0839,128.0621,206.9500,27.0741,1.9240,
Goodyear,GYS_T1_60,T1,60,-122.1051,38.0839,146.9060,224.7996,47.0878,1.9340,
Goodyear,GYS_T1_80,T1,80,-122.1049,38.0839,165.6707,242.9034,67.0143,1.8610,
Goodyear,GYS_T1_100,T1,100,-122.1047,38.0839,184.5146,261.3572,80.9302,1.9120,
Goodyear,GYS_T1_120,T1,120,-122.1044,38.0839,203.3109,280.0537,61.2312,1.8860,
Goodyear,GYS_T1_140,T1,140,-122.1042,38.0839,222.1548,298.8940,41.5573,2.0040,
Goodyear,GYS_T2_20,T2,20,-122.1037,38.0842,246.4356,354.3149,31.2301,2.0060,
Goodyear,GYS_T2_40,T2,40,-122.1036,38.0844,242.0527,364.8482,44.9548,1.9370,
Goodyear,GYS_T2_60,T2,60,-122.1036,38.0846,239.0601,372.1200,48.7570,1.9410,
Goodyear,GYS_T2_80,T2,80,-122.1035,38.0847,237.3788,375.2269,44.5029,1.9420,
Goodyear,GYS_T2_100,T2,100,-122.1035,38.0849,235.9462,379.2889,42.2552,1.8890,
Goodyear,GYS_T2_120,T2,120,-122.1034,38.0851,234.5136,376.7824,45.4607,1.9570,
Guadacanal,GUA_T1_20,T1,20,-122.2948,38.1179,486.6184,48.9576,14.6208,1.8627,
Guadacanal,GUA_T1_40,T1,40,-122.2945,38.1179,475.6136,48.8898,15.3063,1.9000,
Guadacanal,GUA_T1_60,T1,60,-122.2943,38.1179,462.4381,47.9616,15.1757,1.7432,
Guadacanal,GUA_T1_80,T1,80,-122.2940,38.1179,450.9327,48.1847,15.4653,1.7517,
Guadacanal,GUA_T1_100,T1,100,-122.2938,38.1180,442.0361,51.2011,19.5125,2.0081,
Guadacanal,GUA_T1_120,T1,120,-122.2936,38.1179,429.2324,49.3388,18.4803,1.8497,
Guadacanal,GUA_T1_140,T1,140,-122.2933,38.1180,418.4858,50.9820,20.7694,2.0763,
Guadacanal,GUA_T1_160,T1,160,-122.2931,38.1180,406.5828,51.5020,21.6410,2.0833,
Guadacanal,GUA_T1_180,T1,180,-122.2929,38.1180,395.3218,52.0543,22.7474,2.1518,
Guadacanal,GUA_T1_200,T1,200,-122.2926,38.1180,384.4464,53.3811,24.4531,2.2421,
Guadacanal,GUA_T2_20,T2,20,-122.2915,38.1179,319.5016,42.1158,13.6727,2.1298,
Guadacanal,GUA_T2_40,T2,40,-122.2916,38.1181,338.4693,62.5139,34.0947,2.1895,
Guadacanal,GUA_T2_60,T2,60,-122.2916,38.1183,357.1039,84.0349,55.6241,1.3930,
Guadacanal,GUA_T2_80,T2,80,-122.2916,38.1184,372.0387,103.3558,74.9405,1.9664,
Guadacanal,GUA_T2_100,T2,100,-122.2916,38.1186,390.5185,123.9829,95.5799,1.9971,
Guadacanal,GUA_T2_120,T2,120,-122.2916,38.1188,407.8428,144.8460,116.4461,1.0634,
Guadacanal,GUA_T2_140,T2,140,-122.2929,38.1182,415.1640,74.7363,45.2696,1.9917,
Guadacanal,GUA_T2_160,T2,160,-122.2931,38.1182,431.6551,79.6960,49.7827,1.6978,
Guadacanal,GUA_T2_180,T2,180,-122.2934,38.1182,445.5880,80.7711,50.4396,1.6903,
Guadacanal,GUA_T2_200,T2,200,-122.2937,38.1182,457.4522,79.7189,48.6614,1.7962,
Haystack,HAY_T1_20,T1,20,-122.6126,38.2274,193.6544,90.8254,4.0984,2.0617,
Haystack,HAY_T1_40,T1,40,-122.6125,38.2272,202.2979,92.7268,2.4111,,
Haystack,HAY_T1_60,T1,60,-122.6124,38.2271,182.4313,88.1153,0.6512,2.0774,
Haystack,HAY_T1_80,T1,80,-122.6123,38.2269,162.2826,84.6663,0.3815,2.1876,
Haystack,HAY_T1_100,T1,100,-122.6122,38.2267,142.8486,81.1665,1.3041,,
Haystack,HAY_T1_120,T1,120,-122.6121,38.2265,122.7457,78.2290,1.3661,2.2821,
Haystack,HAY_T1_140,T1,140,-122.6120,38.2264,102.9114,76.7287,2.1912,,
Haystack,HAY_T1_160,T1,160,-122.6119,38.2262,83.4857,79.0158,2.0677,,
Haystack,HAY_T1_180,T1,180,-122.6117,38.2261,71.0917,89.1279,4.0903,,
Haystack,HAY_T1_200,T1,200,-122.6115,38.2260,58.0395,93.1648,0.1436,2.0706,
Haystack,HAY_T2_20,T2,20,-122.6112,38.2260,56.6217,93.7943,3.4999,2.2945,
Haystack,HAY_T2_40,T2,40,-122.6110,38.2260,54.2312,98.2008,1.5391,2.2538,
Haystack,HAY_T2_60,T2,60,-122.6108,38.2260,51.8166,106.3178,2.2384,2.1792,
Haystack,HAY_T2_80,T2,80,-122.6105,38.2261,58.5427,124.4151,8.1456,2.2056,
Haystack,HAY_T2_100,T2,100,-122.6107,38.2263,76.3534,131.0962,2.6393,1.9589,
Haystack,HAY_T2_120,T2,120,-122.6109,38.2264,89.8515,136.0895,3.9855,2.0711,
Haystack,HAY_T2_140,T2,140,-122.6110,38.2265,106.1576,147.4657,1.7211,2.2295,
Haystack,HAY_T2_160,T2,160,-122.6113,38.2266,117.6890,148.2773,7.0158,2.1557,
Haystack,HAY_T2_180,T2,180,-122.6114,38.2267,132.7402,140.2253,7.5313,2.1963,
Haystack,HAY_T2_200,T2,200,-122.6116,38.2268,147.8184,133.6529,4.6698,2.1582,
Head Albrae,HED_T1_20,T1,20,-121.9954,37.4911,426.2350,799.6256,11.4993,1.3871,
Head Albrae,HED_T1_40,T1,40,-121.9955,37.4909,445.5138,818.2788,20.6769,1.4669,
Head Albrae,HED_T1_60,T1,60,-121.9956,37.4907,465.2488,837.6858,27.0298,1.4831,
Head Albrae,HED_T1_80,T1,80,-121.9957,37.4906,483.4008,855.4832,34.7556,1.4557,
Head Albrae,HED_T1_100,T1,100,-121.9958,37.4904,500.6275,872.3229,44.7243,1.3272,
Head Albrae,HED_T1_120,T1,120,-121.9958,37.4902,516.9122,888.2139,58.6669,1.4857,
Head Albrae,HED_T1_140,T1,140,-121.9959,37.4901,533.4799,904.5959,70.7930,1.5026,
Head Albrae,HED_T1_160,T1,160,-121.9959,37.4899,552.1008,923.1639,80.9019,1.5739,
Head Albrae,HED_T1_180,T1,180,-121.9960,37.4897,567.6024,938.7306,94.6225,1.3286,
Head Albrae,HED_T1_200,T1,200,-121.9960,37.4895,584.9850,956.2797,80.7985,1.1484,
Head Albrae,HED_T2_20,T2,20,-121.9916,37.4883,520.4151,874.7330,10.7177,1.5883,
Head Albrae,HED_T2_40,T2,40,-121.9914,37.4882,524.0618,874.5331,25.8475,1.7036,
Head Albrae,HED_T2_60,T2,60,-121.9912,37.4881,532.8068,879.0654,45.3259,1.6848,
Head Albrae,HED_T2_80,T2,80,-121.9910,37.4880,542.5154,884.2646,65.3483,1.5025,
Head Albrae,HED_T2_100,T2,100,-121.9908,37.4880,549.6389,886.8185,82.9331,1.5708,
Head Albrae,HED_T2_120,T2,120,-121.9906,37.4879,559.0262,891.4277,101.7479,1.6984,
Head Albrae,HED_T2_140,T2,140,-121.9904,37.4878,566.8291,894.1611,119.3994,1.6318,
Head Albrae,HED_T2_160,T2,160,-121.9902,37.4878,575.5096,897.7370,123.0852,1.6359,
Head Albrae,HED_T2_180,T2,180,-121.9900,37.4877,585.8511,903.0296,113.7540,1.6139,
Head Albrae,HED_T2_200,T2,200,-121.9898,37.4876,595.4221,907.5210,103.1161,1.6152,
Heerdt,HRT_T1_20,T1,20,-122.5098,37.9382,238.3644,533.7842,130.2434,1.6593,
Heerdt,HRT_T1_40,T1,40,-122.5095,37.9382,258.2216,553.7318,149.2644,1.6538,
Heerdt,HRT_T1_60,T1,60,-122.5093,37.9382,278.1855,573.7669,149.9395,1.6090,
Heerdt,HRT_T1_80,T1,80,-122.5091,37.9381,298.0854,593.7267,144.2056,1.6404,
Heerdt,HRT_T1_100,T1,100,-122.5089,37.9381,317.9896,613.6768,139.0782,1.6006,
Heerdt,HRT_T2_20,T2,20,-122.5127,37.9405,32.8346,209.4320,20.7340,1.6237,
Heerdt,HRT_T2_40,T2,40,-122.5125,37.9406,50.8167,216.4871,40.6578,1.6496,
Heerdt,HRT_T2_60,T2,60,-122.5123,37.9407,68.7878,224.9636,60.5264,1.6480,
Heerdt,HRT_T2_80,T2,80,-122.5121,37.9408,86.7767,234.7084,80.4501,1.7019,
Hercules,HER_T1_20,T1,20,-122.2923,38.0163,80.8178,62.3491,7.2445,2.2483,
Hercules,HER_T1_40,T1,40,-122.2924,38.0162,80.5834,57.4152,8.1946,2.1900,
Hercules,HER_T1_60,T1,60,-122.2926,38.0161,87.1838,61.1030,7.5886,2.0456,
Hercules,HER_T1_80,T1,80,-122.2927,38.0159,97.3427,70.2536,15.3882,2.0621,
Hercules,HER_T1_100,T1,100,-122.2929,38.0158,112.6136,85.7072,14.0366,2.1434,
Hercules,HER_T1_120,T1,120,-122.2931,38.0157,129.7672,103.4932,8.6070,2.0941,
Hercules,HER_T1_140,T1,140,-122.2933,38.0156,146.8352,121.2512,14.7872,2.1135,
Hercules,HER_T1_160,T1,160,-122.2935,38.0155,166.3674,141.2588,17.7852,2.0396,
Hercules,HER_T1_180,T1,180,-122.2937,38.0154,183.8005,159.2680,18.9857,2.0290,
Hercules,HER_T1_200,T1,200,-122.2939,38.0153,202.7137,178.7763,16.6693,2.0131,
Hercules,HER_T2_20,T2,20,-122.2938,38.0147,177.1926,200.3264,30.1938,2.0424,
Hercules,HER_T2_40,T2,40,-122.2940,38.0147,186.1405,216.8245,47.7279,2.1610,
Hercules,HER_T2_60,T2,60,-122.2943,38.0148,172.3544,217.1650,35.3771,2.0990,
Hercules,HER_T2_80,T2,80,-122.2945,38.0148,157.5996,213.9922,26.5479,2.1120,
Hercules,HER_T2_100,T2,100,-122.2947,38.0148,142.8544,212.4150,20.9921,2.0076,
Hercules,HER_T2_120,T2,120,-122.2950,38.0148,130.7290,215.4136,18.9670,2.0629,
Hercules,HER_T2_140,T2,140,-122.2952,38.0147,115.0667,213.5555,18.1449,2.0639,
Hill Slough 8,HS8_T1_20,T1,20,-121.9808,38.2241,1495.3346,733.8613,38.4044,2.0050,
Hill Slough 8,HS8_T1_40,T1,40,-121.9810,38.2240,1496.6863,751.4742,48.1016,2.0160,
Hill Slough 8,HS8_T1_60,T1,60,-121.9812,38.2239,1498.2036,769.0518,58.9176,1.9810,
Hill Slough 8,HS8_T1_80,T1,80,-121.9814,38.2238,1500.0869,786.7232,73.5541,1.9930,
Hill Slough 8,HS8_T1_100,T1,100,-121.9816,38.2237,1502.2349,804.3945,90.2862,2.0420,
Hill Slough 8,HS8_T1_120,T1,120,-121.9818,38.2236,1504.5437,821.9830,100.6805,1.9700,
Hill Slough 8,HS8_T1_140,T1,140,-121.9820,38.2236,1507.2171,839.7546,91.8646,1.9600,
Hill Slough 8,HS8_T1_160,T1,160,-121.9822,38.2235,1510.0476,857.5337,84.5660,1.9490,
Hill Slough 8,HS8_T1_180,T1,180,-121.9824,38.2234,1513.2708,875.4491,81.4812,1.9400,
Hill Slough 8,HS8_T1_200,T1,200,-121.9826,38.2233,1516.7207,893.4510,78.7318,2.0010,
Hill Slough 8,HS8_T2_20,T2,20,-121.9834,38.2224,1593.1273,1018.5967,17.4951,1.9410,
Hill Slough 8,HS8_T2_40,T2,40,-121.9836,38.2224,1579.0948,1020.3944,34.8478,1.9230,
Hill Slough 8,HS8_T2_60,T2,60,-121.9838,38.2225,1565.0841,1022.1489,52.3083,1.9520,
Hill Slough 8,HS8_T2_80,T2,80,-121.9840,38.2226,1551.3131,1024.3328,70.0123,1.9680,
Hill Slough 8,HS8_T2_100,T2,100,-121.9842,38.2227,1537.6782,1026.9007,85.9575,1.9570,
Hill Slough 8,HS8_T2_120,T2,120,-121.9844,38.2228,1524.1636,1029.7824,101.5212,1.9610,
Hill Slough 8,HS8_T2_140,T2,140,-121.9846,38.2229,1510.8131,1032.6187,116.4572,1.9520,
Hill Slough 8,HS8_T2_160,T2,160,-121.9848,38.2230,1497.6099,1035.5932,127.3951,1.9170,
Hill Slough 8,HS8_T2_180,T2,180,-121.9850,38.2231,1484.4493,1038.8520,138.6639,1.9830,
Hill Slough 8,HS8_T2_200,T2,200,-121.9852,38.2232,1471.5527,1042.3513,150.6680,1.9000,
Ideal Marsh,IDM_T1_20,T1,20,-122.1131,37.5385,3923.3971,1906.3647,48.7495,2.1320,
Ideal Marsh,IDM_T1_40,T1,40,-122.1133,37.5384,3946.4249,1918.4150,71.7230,2.1012,
Ideal Marsh,IDM_T1_60,T1,60,-122.1136,37.5384,3965.8441,1928.0229,91.1961,2.0683,
Ideal Marsh,IDM_T1_80,T1,80,-122.1138,37.5383,3988.4765,1939.3073,113.8747,2.0207,
Ideal Marsh,IDM_T1_100,T1,100,-122.1140,37.5382,4006.9431,1943.8986,133.2068,2.1068,
Ideal Marsh,IDM_T1_120,T1,120,-122.1142,37.5381,4026.9542,1950.6826,136.9249,2.0350,
Ideal Marsh,IDM_T1_140,T1,140,-122.1144,37.5380,4046.1487,1956.0098,116.9047,2.1119,
Ideal Marsh,IDM_T1_160,T1,160,-122.1147,37.5379,4074.6954,1968.5797,88.0574,2.0888,
Ideal Marsh,IDM_T1_180,T1,180,-122.1149,37.5378,4093.8009,1970.1969,67.0640,2.1230,
Ideal Marsh,IDM_T1_200,T1,200,-122.1151,37.5376,4117.7839,1975.0175,42.2270,2.1642,
Ideal Marsh,IDM_T2_20,T2,20,-122.1091,37.5334,3684.1522,1268.1049,19.0137,2.0895,
Ideal Marsh,IDM_T2_40,T2,40,-122.1093,37.5336,3709.3547,1296.6429,46.9977,2.0952,
Ideal Marsh,IDM_T2_60,T2,60,-122.1095,37.5338,3728.3499,1317.8458,67.3395,2.0874,
Ideal Marsh,IDM_T2_80,T2,80,-122.1096,37.5340,3751.0655,1343.4949,92.5466,2.0868,
Ideal Marsh,IDM_T2_100,T2,100,-122.1098,37.5342,3773.2922,1368.5631,112.3515,2.1103,
Ideal Marsh,IDM_T2_120,T2,120,-122.1099,37.5343,3781.9602,1389.7952,117.2548,2.0985,
Ideal Marsh,IDM_T2_140,T2,140,-122.1101,37.5345,3790.2736,1416.1796,118.9346,2.0999,
Ideal Marsh,IDM_T2_160,T2,160,-122.1103,37.5347,3794.9908,1434.8792,116.1197,2.0883,
Ideal Marsh,IDM_T2_180,T2,180,-122.1105,37.5348,3813.7652,1464.9508,120.1339,2.0735,
Ideal Marsh,IDM_T2_200,T2,200,-122.1107,37.5349,3821.1526,1484.7413,113.9275,2.1116,
Inner Bair,INB_T1_20,T1,20,-122.2264,37.5003,155.6522,192.3603,23.8226,2.4616,
Inner Bair,INB_T1_40,T1,40,-122.2266,37.5003,175.6832,212.1174,38.9577,2.6459,
Inner Bair,INB_T1_60,T1,60,-122.2269,37.5002,195.6403,231.8302,53.1274,2.6668,
Inner Bair,INB_T1_80,T1,80,-122.2271,37.5002,215.6852,251.6699,67.0172,2.4718,
Inner Bair,INB_T1_100,T1,100,-122.2273,37.5002,235.6423,271.4514,80.6991,2.3800,
Inner Bair,INB_T1_120,T1,120,-122.2275,37.5002,240.2147,291.3435,94.2580,2.3800,
Inner Bair,INB_T1_140,T1,140,-122.2278,37.5001,238.6191,311.1508,107.7654,2.3800,
Inner Bair,INB_T1_160,T1,160,-122.2280,37.5001,237.0273,331.0494,120.3221,2.3800,
Inner Bair,INB_T2_20,T2,20,-122.2281,37.5011,311.1620,355.6286,22.8423,2.3800,
Inner Bair,INB_T2_40,T2,40,-122.2282,37.5010,321.1358,364.6451,42.5027,2.3800,
Inner Bair,INB_T2_60,T2,60,-122.2285,37.5006,296.0833,377.7041,87.8318,2.3800,
Joice Island,JOI_T1_20,T1,20,-121.9971,38.1939,4710.4030,116.5958,53.7378,1.9600,
Joice Island,JOI_T1_40,T1,40,-121.9972,38.1937,4728.9217,136.1662,73.6944,1.9650,
Joice Island,JOI_T1_60,T1,60,-121.9973,38.1936,4747.4637,155.7629,91.9427,2.0050,
Joice Island,JOI_T1_80,T1,80,-121.9974,38.1934,4766.0064,175.3333,75.1616,1.9230,
Joice Island,JOI_T1_100,T1,100,-121.9975,38.1933,4784.5609,194.9036,59.9874,1.9100,
Joice Island,JOI_T1_120,T1,120,-121.9976,38.1931,4803.1269,214.4740,43.9379,1.9790,
Joice Island,JOI_T1_140,T1,140,-121.9977,38.1930,4821.7045,234.0444,28.2634,1.9800,
Joice Island,JOI_T2_20,T2,20,-121.9942,38.1933,4712.7281,94.2179,40.7237,1.9810,
Joice Island,JOI_T2_40,T2,40,-121.9943,38.1931,4725.8040,114.1301,60.5610,2.0400,
Joice Island,JOI_T2_60,T2,60,-121.9943,38.1929,4738.9280,134.0423,71.6628,1.9540,
Joice Island,JOI_T2_80,T2,80,-121.9944,38.1928,4752.1434,154.0569,51.9994,1.9480,
Joice Island,JOI_T2_100,T2,100,-121.9945,38.1926,4765.3628,173.9691,32.4324,1.9920,
Mallard Slough,MLD_T1_20,T1,20,-121.9687,37.4453,934.4647,1075.0984,8.6416,2.2582,
Mallard Slough,MLD_T1_40,T1,40,-121.9685,37.4453,941.0880,1077.9773,28.3083,2.2078,
Mallard Slough,MLD_T1_60,T1,60,-121.9683,37.4453,948.0872,1081.2188,47.9751,2.2480,
Mallard Slough,MLD_T1_80,T1,80,-121.9680,37.4453,955.3504,1084.7101,61.6156,2.2254,
Mallard Slough,MLD_T2_20,T2,20,-121.9635,37.4440,600.3090,1098.3568,15.9367,2.2589,
Mallard Slough,MLD_T2_40,T2,40,-121.9633,37.4441,592.1400,1114.4444,35.1708,2.2636,
Mallard Slough,MLD_T2_60,T2,60,-121.9630,37.4441,584.6873,1130.7026,54.3364,2.2385,
Mariner's Point,MAR_T1_20,T1,20,-122.2909,37.5712,42.6199,81.4321,11.8463,1.8546,
Mariner's Point,MAR_T1_40,T1,40,-122.2908,37.5713,58.7348,97.1788,30.5428,1.8248,
Mariner's Point,MAR_T1_60,T1,60,-122.2906,37.5715,75.0401,110.7173,49.9881,1.7494,
Mariner's Point,MAR_T1_80,T1,80,-122.2905,37.5716,92.6581,125.7168,70.4092,1.8816,
Mariner's Point,MAR_T1_100,T1,100,-122.2903,37.5718,110.4399,141.0383,90.9457,1.8142,
Mariner's Point,MAR_T1_120,T1,120,-122.2902,37.5719,126.6636,155.0575,109.7128,1.7954,
Mariner's Point,MAR_T1_140,T1,140,-122.2900,37.5720,143.8925,169.5906,121.9625,1.8373,
Mariner's Point,MAR_T1_160,T1,160,-122.2899,37.5721,159.0653,179.9461,133.5492,1.7355,
Mariner's Point,MAR_T1_180,T1,180,-122.2897,37.5723,177.0369,193.1258,144.0747,1.7686,
Mariner's Point,MAR_T1_200,T1,200,-122.2895,37.5724,197.3605,209.1639,135.3949,1.5925,
Mariner's Point,MAR_T2_20,T2,20,-122.2895,37.5728,233.9610,247.2491,97.1731,1.7812,
Mariner's Point,MAR_T2_40,T2,40,-122.2895,37.5726,216.8188,227.2213,116.4260,1.8192,
Mariner's Point,MAR_T2_60,T2,60,-122.2894,37.5724,201.4277,208.0033,135.0657,1.8093,
Mariner's Point,MAR_T2_80,T2,80,-122.2894,37.5723,185.1945,188.8326,154.0372,1.8067,
Mariner's Point,MAR_T2_100,T2,100,-122.2893,37.5721,168.3445,168.6087,135.9408,1.7790,
Mariner's Point,MAR_T2_120,T2,120,-122.2893,37.5719,152.2823,149.6658,117.4934,1.8134,
Mariner's Point,MAR_T2_140,T2,140,-122.2893,37.5717,136.2215,130.9822,99.2262,1.8828,
Mariner's Point,MAR_T2_160,T2,160,-122.2892,37.5716,118.5344,111.4352,79.8195,1.8497,
Mariner's Point,MAR_T2_180,T2,180,-122.2892,37.5714,101.1728,91.9071,60.3921,1.8473,
Mariner's Point,MAR_T2_200,T2,200,-122.2892,37.5712,85.3154,71.1898,40.3273,1.8309,
Marta,MTA_T1_20,T1,20,-122.5011,37.9259,45.6807,135.5023,6.6956,1.9097,
Marta,MTA_T1_40,T1,40,-122.5014,37.9260,54.5452,143.6647,13.8128,1.6645,
Marta,MTA_T2_20,T2,20,-122.5028,37.9249,53.5313,119.4498,15.1138,1.4833,
Marta,MTA_T2_40,T2,40,-122.5029,37.9251,67.2433,134.0485,30.8810,1.3445,
Marta,MTA_T2_60,T2,60,-122.5029,37.9253,80.9009,149.2957,46.1544,1.2764,
Martinez RS,MRS_T1_20,T1,20,-122.1421,38.0221,173.6961,181.2982,97.8984,,
Martinez RS,MRS_T1_40,T1,40,-122.1421,38.0223,193.0104,199.0548,89.5010,,
Martinez RS,MRS_T1_60,T1,60,-122.1420,38.0224,211.9691,217.2257,83.0329,,
Martinez RS,MRS_T1_80,T1,80,-122.1420,38.0226,230.1874,235.6728,81.1924,,
Martinez RS,MRS_T1_100,T1,100,-122.1420,38.0228,248.4290,254.3729,84.1188,,
Martinez RS,MRS_T1_120,T1,120,-122.1419,38.0230,266.6473,273.2418,87.2688,,
Martinez RS,MRS_T1_140,T1,140,-122.1419,38.0231,284.8888,292.2751,88.8776,,
Martinez RS,MRS_T1_160,T1,160,-122.1419,38.0233,285.4709,311.4179,71.0205,,
Martinez RS,MRS_T2_20,T2,20,-122.1398,38.0238,119.1125,187.0586,15.3982,,
Martinez RS,MRS_T2_40,T2,40,-122.1401,38.0238,126.7547,203.5199,31.5093,,
Martinez RS,MRS_T2_60,T2,60,-122.1403,38.0239,136.7785,219.8599,48.1037,,
Martinez RS,MRS_T2_80,T2,80,-122.1405,38.0239,148.8874,236.2822,41.7568,,
Martinez RS,MRS_T2_100,T2,100,-122.1407,38.0240,162.5717,252.7044,33.9211,,
Martinez RS,MRS_T2_120,T2,120,-122.1409,38.0240,177.4353,269.0833,26.2564,,
Martinez RS,MRS_T2_140,T2,140,-122.1412,38.0240,193.2065,285.5055,17.9277,,
Martinez RS,MRS_T2_160,T2,160,-122.1414,38.0241,209.1528,302.1275,6.4873,,
McLaughlin Shoreline,MCL_T1_20,T1,20,-122.2982,37.8369,98.5747,79.6935,13.6760,1.6870,
McLaughlin Shoreline,MCL_T1_40,T1,40,-122.2983,37.8370,90.2282,71.5532,13.2854,1.6905,
McLaughlin Shoreline,MCL_T1_60,T1,60,-122.2984,37.8370,81.4041,62.9001,9.6241,1.7035,
McLaughlin Shoreline,MCL_T1_80,T1,80,-122.2986,37.8371,67.4831,49.3296,13.6259,1.7458,
McLaughlin Shoreline,MCL_T1_100,T1,100,-122.2987,37.8372,56.4936,38.6620,12.5802,1.7539,
McNabney,MCN_T1_20,T1,20,-122.1055,38.0254,289.9645,43.9986,40.7532,,
McNabney,MCN_T1_40,T1,40,-122.1054,38.0253,276.4641,63.4788,55.0296,,
McNabney,MCN_T1_60,T1,60,-122.1054,38.0251,263.0066,82.9590,39.9239,,
McNabney,MCN_T1_80,T1,80,-122.1053,38.0249,249.5006,102.5507,29.9448,,
McNabney,MCN_T1_100,T1,100,-122.1052,38.0247,236.0431,122.0263,25.9146,,
McNabney,MCN_T1_120,T1,120,-122.1052,38.0246,222.6256,141.5066,30.0973,,
McNabney,MCN_T1_140,T1,140,-122.1051,38.0244,208.8343,160.9822,27.6201,,
McNabney,MCN_T1_160,T1,160,-122.1051,38.0242,195.0431,155.9479,33.2829,,
McNabney,MCN_T2_20,T2,20,-122.1049,38.0250,280.3618,92.9715,5.2340,,
McNabney,MCN_T2_40,T2,40,-122.1047,38.0251,290.7358,89.8489,7.7221,,
McNabney,MCN_T2_60,T2,60,-122.1045,38.0251,301.4429,88.2190,4.3718,,
MLK,MLK_T1_20,T1,20,-122.2049,37.7382,44.2019,163.9141,4.4781,2.5263,
MLK,MLK_T1_40,T1,40,-122.2050,37.7384,46.8245,166.8552,11.3725,2.2297,
MLK,MLK_T1_60,T1,60,-122.2052,37.7385,49.4536,169.8034,16.5492,1.8610,
MLK,MLK_T1_80,T1,80,-122.2055,37.7382,86.9515,207.1416,9.0925,1.7708,
MLK,MLK_T1_100,T1,100,-122.2058,37.7381,122.6793,243.0117,11.3110,1.7785,
MLK,MLK_T1_120,T1,120,-122.2061,37.7383,128.2006,248.9929,35.0624,1.7392,
MLK,MLK_T1_140,T1,140,-122.2064,37.7384,142.3601,263.5650,10.0853,1.7953,
MLK,MLK_T1_160,T1,160,-122.2067,37.7383,168.8840,290.1548,19.9296,1.7509,
MLK,MLK_T1_180,T1,180,-122.2068,37.7380,196.7638,317.6982,45.1682,1.8372,
MLK,MLK_T1_200,T1,200,-122.2071,37.7379,228.2353,349.2993,51.3812,1.8055,
MLK,MLK_T2_20,T2,20,-122.2077,37.7379,266.4448,388.0167,9.0177,1.9108,
MLK,MLK_T2_40,T2,40,-122.2079,37.7381,267.4035,389.4120,6.8388,1.8791,
MLK,MLK_T2_60,T2,60,-122.2080,37.7382,268.1503,390.5204,6.0880,1.8787,
MLK,MLK_T2_80,T2,80,-122.2082,37.7383,274.3743,396.9895,7.0380,1.9667,
MLK,MLK_T2_100,T2,100,-122.2085,37.7383,298.4626,411.5873,4.5820,2.2796,
MLK,MLK_T2_120,T2,120,-122.2086,37.7381,315.5234,433.5422,8.1365,1.7622,
MLK,MLK_T2_140,T2,140,-122.2083,37.7380,306.5769,428.7730,8.4845,1.7349,
Mountain View Slough,MVS_T1_40,T1,40,-122.0817,37.4496,1620.3433,2243.4329,39.4138,2.1572,
Mountain View Slough,MVS_T1_60,T1,60,-122.0816,37.4497,1635.0241,2263.2082,59.3522,2.1653,
Mountain View Slough,MVS_T1_80,T1,80,-122.0815,37.4499,1649.7110,2282.8993,79.1867,2.1416,
Mountain View Slough,MVS_T1_100,T1,100,-122.0814,37.4500,1664.6151,2302.6843,99.1251,2.1684,
Mountain View Slough,MVS_T1_120,T1,120,-122.0813,37.4502,1679.5409,2322.3321,118.9283,2.1702,
Mountain View Slough,MVS_T1_140,T1,140,-122.0812,37.4504,1694.6559,2342.1263,119.9902,2.1862,
Mountain View Slough,MVS_T2_40,T2,40,-122.0795,37.4489,1500.3273,2292.0725,35.9948,2.1792,
Mountain View Slough,MVS_T2_60,T2,60,-122.0795,37.4490,1519.5303,2311.5268,55.3265,2.1637,
Mountain View Slough,MVS_T2_80,T2,80,-122.0795,37.4492,1538.7533,2330.9901,47.1706,2.1805,
Mountain View Slough,MVS_T2_100,T2,100,-122.0794,37.4494,1557.9956,2350.4623,35.3192,2.2115,
Mundy,MUN_T1_20,T1,20,-122.1035,37.4587,196.8490,186.7658,16.9099,2.2304,
Mundy,MUN_T1_40,T1,40,-122.1033,37.4587,214.3902,202.8295,34.5611,2.2357,
Mundy,MUN_T1_60,T1,60,-122.1031,37.4588,232.3286,219.5270,52.3022,2.2260,
Mundy,MUN_T1_80,T1,80,-122.1029,37.4589,250.5848,236.7430,66.9267,2.2352,
Mundy,MUN_T1_100,T1,100,-122.1027,37.4590,269.0061,254.2835,63.6928,2.2454,
Mundy,MUN_T1_120,T1,120,-122.1025,37.4591,287.7201,272.2455,64.7535,2.2351,
Mundy,MUN_T1_140,T1,140,-122.1023,37.4591,306.5868,290.4736,71.4972,2.2366,
Mundy,MUN_T1_160,T1,160,-122.1021,37.4592,325.5161,308.8390,82.7278,2.2344,
Mundy,MUN_T1_180,T1,180,-122.1019,37.4593,344.6484,327.4786,83.4891,2.2252,
Mundy,MUN_T1_200,T1,200,-122.1017,37.4594,363.8778,346.2740,69.4949,2.2202,
Mundy,MUN_T2_20,T2,20,-122.1079,37.4600,106.4717,226.6618,5.8298,2.1595,
Mundy,MUN_T2_40,T2,40,-122.1077,37.4600,103.2223,214.9102,19.0907,2.2300,
Mundy,MUN_T2_60,T2,60,-122.1075,37.4601,103.7989,203.0652,32.2570,2.2516,
Mundy,MUN_T2_80,T2,80,-122.1073,37.4601,108.1403,191.3419,44.3051,2.2719,
Mundy,MUN_T2_100,T2,100,-122.1070,37.4602,114.7441,180.7581,55.8552,2.2378,
Mundy,MUN_T2_120,T2,120,-122.1068,37.4602,121.5280,171.9404,65.7434,2.2259,
Mundy,MUN_T2_140,T2,140,-122.1066,37.4603,128.3158,165.0885,62.3141,2.2221,
Munster Property,MUP_T1_20,T1,20,-122.0864,37.5842,240.6042,319.8590,206.7953,1.1780,
Munster Property,MUP_T1_40,T1,40,-122.0863,37.5844,255.9557,305.2367,227.4910,1.0879,
Munster Property,MUP_T1_60,T1,60,-122.0863,37.5846,246.4262,294.9470,246.0438,1.1853,
Munster Property,MUP_T1_80,T1,80,-122.0863,37.5848,233.9318,282.4355,233.9318,1.3176,
Munster Property,MUP_T1_100,T1,100,-122.0863,37.5850,224.8478,273.3215,224.8478,1.1836,
Munster Property,MUP_T1_120,T1,120,-122.0863,37.5852,213.4307,261.7511,213.4307,1.2935,
Munster Property,MUP_T1_140,T1,140,-122.0862,37.5854,201.9139,250.0847,201.9139,1.3046,
Munster Property,MUP_T1_160,T1,160,-122.0862,37.5855,190.2780,238.3058,190.2780,1.2580,
Munster Property,MUP_T1_180,T1,180,-122.0862,37.5857,180.1927,227.8022,179.9172,1.1908,
Munster Property,MUP_T1_200,T1,200,-122.0861,37.5859,169.0777,216.1992,168.4609,1.2038,
Munster Property,MUP_T2_20,T2,20,-122.0870,37.5863,223.6824,268.7683,155.4789,1.1883,
Munster Property,MUP_T2_40,T2,40,-122.0872,37.5864,231.9011,276.4827,149.1275,1.1969,
Munster Property,MUP_T2_60,T2,60,-122.0874,37.5865,236.5967,283.4120,143.0164,1.2047,
Munster Property,MUP_T2_80,T2,80,-122.0876,37.5867,216.9652,285.1346,136.8892,1.1447,
Munster Property,MUP_T2_100,T2,100,-122.0877,37.5868,199.0362,286.9982,130.1954,1.1496,
Munster Property,MUP_T2_120,T2,120,-122.0879,37.5869,181.8254,289.8890,123.2541,1.1747,
Munster Property,MUP_T2_140,T2,140,-122.0880,37.5870,165.5997,294.8947,117.0541,1.0935,
Munster Property,MUP_T2_160,T2,160,-122.0882,37.5871,150.8136,302.0582,111.7472,1.1631,
Munster Property,MUP_T2_180,T2,180,-122.0884,37.5873,136.4349,309.8603,105.8033,1.3015,
Munster Property,MUP_T2_200,T2,200,-122.0886,37.5874,124.0212,317.6906,100.2619,1.1448,
Muzzi North,MZN_T1_20,T1,20,-122.5079,37.9324,374.3658,421.9099,22.8670,1.6466,
Muzzi North,MZN_T1_40,T1,40,-122.5077,37.9324,393.7579,439.3675,42.8880,1.6787,
Muzzi North,MZN_T1_60,T1,60,-122.5074,37.9323,413.1501,457.0363,62.9090,1.6171,
Muzzi North,MZN_T1_80,T1,80,-122.5072,37.9323,432.4555,474.8015,82.8422,1.6602,
Muzzi North,MZN_T1_100,T1,100,-122.5070,37.9323,451.8477,492.7093,102.8633,1.7328,
Muzzi North,MZN_T1_120,T1,120,-122.5068,37.9323,471.2399,510.7562,122.8843,1.6521,
Muzzi North,MZN_T1_140,T1,140,-122.5065,37.9323,490.5455,528.8633,129.2909,1.6368,
Muzzi North,MZN_T2_20,T2,20,-122.5073,37.9366,488.7498,740.5765,0.5091,1.8930,
Muzzi North,MZN_T2_40,T2,40,-122.5074,37.9364,494.0310,733.0160,3.2142,1.7041,
Muzzi North,MZN_T2_60,T2,60,-122.5073,37.9362,506.6517,724.2770,5.7127,1.8889,
Muzzi North,MZN_T2_80,T2,80,-122.5072,37.9360,521.7017,709.7326,14.7635,1.7431,
Muzzi South,MZS_T1_20,T1,20,-122.5104,37.9269,77.4831,67.8072,27.2536,1.6915,
Muzzi South,MZS_T1_40,T1,40,-122.5102,37.9269,95.2283,86.1710,47.2166,1.7021,
Muzzi South,MZS_T1_60,T1,60,-122.5100,37.9268,113.5887,104.6644,67.2135,1.6923,
Muzzi South,MZS_T1_80,T1,80,-122.5097,37.9268,132.3755,123.1577,87.2141,1.6944,
Muzzi South,MZS_T1_100,T1,100,-122.5095,37.9267,151.2042,141.6512,107.2162,1.6971,
Muzzi South,MZS_T1_120,T1,120,-122.5093,37.9267,170.0330,160.2614,127.2193,1.6950,
Muzzi South,MZS_T1_140,T1,140,-122.5091,37.9267,188.8619,179.1662,139.0983,1.6922,
Muzzi South,MZS_T1_160,T1,160,-122.5089,37.9266,205.3910,198.2869,141.0806,1.6934,
Muzzi South,MZS_T1_180,T1,180,-122.5086,37.9266,191.4633,217.5668,145.7970,1.7227,
Muzzi South,MZS_T2_20,T2,20,-122.5106,37.9265,57.4572,48.8212,25.9861,1.6724,
Muzzi South,MZS_T2_40,T2,40,-122.5104,37.9264,71.0022,65.1192,39.2527,1.6543,
Muzzi South,MZS_T2_60,T2,60,-122.5102,37.9263,84.5473,78.1595,53.2256,1.6508,
Muzzi South,MZS_T2_80,T2,80,-122.5101,37.9261,98.1020,91.2011,66.9401,1.6882,
Muzzi South,MZS_T2_100,T2,100,-122.5099,37.9260,111.4478,104.1339,59.2605,1.6958,
Muzzi South,MZS_T2_120,T2,120,-122.5097,37.9259,123.8529,117.1455,45.5757,1.7142,
Muzzi South,MZS_T2_140,T2,140,-122.5096,37.9258,135.4938,130.1597,33.6578,1.7108,
Muzzi South,MZS_T2_160,T2,160,-122.5094,37.9257,133.7256,138.5414,25.4900,1.5875,
Muzzi South,MZS_T2_180,T2,180,-122.5092,37.9255,119.8101,127.1185,22.3654,1.6665,
Muzzi South,MZS_T2_200,T2,200,-122.5091,37.9254,102.6448,116.9446,26.0342,1.6371,
New Chicago,NCH_T1_20,T1,20,-121.9606,37.4388,229.1864,843.3419,23.1377,0.6603,
New Chicago,NCH_T1_40,T1,40,-121.9607,37.4386,248.1107,827.0944,9.7207,0.4609,
New Chicago,NCH_T1_60,T1,60,-121.9609,37.4385,267.0351,809.8566,2.0753,0.3638,
New Chicago,NCH_T1_80,T1,80,-121.9610,37.4384,283.8336,792.1647,1.2772,0.2505,
New Chicago,NCH_T1_100,T1,100,-121.9620,37.4389,334.4157,764.9887,3.7786,0.2069,
New Chicago,NCH_T1_120,T1,120,-121.9622,37.4388,356.3813,745.0771,2.9497,0.1971,
New Chicago,NCH_T2_20,T2,20,-121.9608,37.4393,218.6377,875.0267,26.8288,0.5023,
New Chicago,NCH_T2_40,T2,40,-121.9610,37.4394,224.3358,875.6915,41.7591,0.5128,
New Chicago,NCH_T2_60,T2,60,-121.9611,37.4396,231.5950,876.4326,39.6743,0.5015,
New Chicago,NCH_T2_80,T2,80,-121.9613,37.4397,240.2605,877.1618,27.2008,0.4843,
New Chicago,NCH_T2_100,T2,100,-121.9614,37.4399,250.3085,877.8267,14.3279,0.4711,
Newark Mouse Pasture,NMP_T1_20,T1,20,-121.9355,37.4651,48.7509,228.3181,15.8778,1.1722,
Newark Mouse Pasture,NMP_T1_40,T1,40,-121.9356,37.4649,65.5284,244.3798,35.8207,1.1167,
Newark Mouse Pasture,NMP_T1_60,T1,60,-121.9356,37.4647,82.2534,260.8546,55.7512,1.0626,
Newark Mouse Pasture,NMP_T2_20,T2,20,-121.9337,37.4642,29.4697,204.6610,15.0721,1.2241,
Newark Mouse Pasture,NMP_T2_40,T2,40,-121.9336,37.4640,39.6260,214.3832,30.5732,1.3894,
Newark Mouse Pasture,NMP_T2_60,T2,60,-121.9335,37.4639,49.7304,224.0477,43.5752,1.2665,
Newark Mouse Pasture,NMP_T2_80,T2,80,-121.9333,37.4635,70.0809,243.5234,36.9556,1.1571,
Novato Creek,NOV_T1_20,T1,20,-122.5554,38.0965,108.1090,297.4452,40.6956,1.5399,
Novato Creek,NOV_T1_40,T1,40,-122.5551,38.0966,120.9148,304.3690,43.1961,1.4246,
Novato Creek,NOV_T1_60,T1,60,-122.5549,38.0966,137.4809,314.9722,46.1932,1.3656,
Novato Creek,NOV_T1_80,T1,80,-122.5546,38.0967,155.4920,325.9596,45.9912,1.3842,
Novato Creek,NOV_T1_100,T1,100,-122.5544,38.0967,175.1887,337.0521,46.3317,1.1921,
Novato Creek,NOV_T1_120,T1,120,-122.5542,38.0968,192.9834,347.3033,46.9082,1.1820,
Novato Creek,NOV_T1_140,T1,140,-122.5539,38.0968,212.0403,358.8717,48.8471,1.1619,
Novato Creek,NOV_T1_160,T1,160,-122.5537,38.0969,230.3501,371.1212,51.7742,1.1413,
Novato Creek,NOV_T1_180,T1,180,-122.5535,38.0969,251.3142,384.4484,55.6357,1.2372,
Novato Creek,NOV_T1_200,T1,200,-122.5532,38.0970,241.9472,398.6231,60.9207,1.1272,
Novato Creek,NOV_T2_20,T2,20,-122.5512,38.0972,247.0974,472.0612,3.2010,2.1512,
Novato Creek,NOV_T2_40,T2,40,-122.5514,38.0971,249.0706,480.4465,7.2138,1.9225,
Novato Creek,NOV_T2_60,T2,60,-122.5516,38.0970,252.8175,476.7338,8.4931,1.9832,
Novato Creek,NOV_T2_80,T2,80,-122.5518,38.0969,257.5630,458.0338,8.7159,2.3342,
Novato Creek,NOV_T2_100,T2,100,-122.5520,38.0968,263.8415,439.7359,8.4416,2.2429,
Novato Creek,NOV_T2_120,T2,120,-122.5522,38.0967,269.9762,421.5067,8.9324,2.7478,
Novato Creek,NOV_T2_140,T2,140,-122.5524,38.0966,278.8646,402.8043,6.5231,2.0655,
Novato Creek,NOV_T2_160,T2,160,-122.5526,38.0965,283.7001,387.0355,8.4794,2.2960,
Novato Creek,NOV_T2_180,T2,180,-122.5528,38.0965,273.0227,373.0411,11.0745,2.6976,
Novato Creek,NOV_T2_200,T2,200,-122.5531,38.0965,254.7440,360.3070,9.3773,2.3524,
Oakland Airport,OAK_T1_20,T1,20,-122.2057,37.7148,9.2384,124.5727,9.2384,-0.3449,
Oakland Airport,OAK_T1_40,T1,40,-122.2056,37.7150,30.6777,146.3761,30.6777,-0.3299,
Oakland Airport,OAK_T1_60,T1,60,-122.2054,37.7151,50.7079,166.8067,50.7079,-0.3228,
Oakland Airport,OAK_T1_80,T1,80,-122.2052,37.7152,70.9302,187.4748,70.9302,-0.3124,
Oakland Airport,OAK_T1_100,T1,100,-122.2050,37.7153,76.5784,193.3329,76.5784,-0.3347,
Oakland Airport,OAK_T1_120,T1,120,-122.2049,37.7154,71.9582,193.5010,71.9582,-0.3550,
Oakland Airport,OAK_T1_140,T1,140,-122.2047,37.7156,67.8616,190.9213,67.8616,-0.3387,
Oakland Airport,OAK_T1_160,T1,160,-122.2045,37.7157,64.4317,184.5469,64.4317,-0.2912,
Oakland Airport,OAK_T1_180,T1,180,-122.2044,37.7158,58.2600,180.3237,58.2600,-0.2811,
Oakland Airport,OAK_T1_200,T1,200,-122.2042,37.7159,57.5994,177.6786,57.5994,-0.2453,
Oakland Airport,OAK_T2_20,T2,20,-122.2043,37.7167,39.9393,112.9231,39.9393,-0.1915,
Oakland Airport,OAK_T2_40,T2,40,-122.2041,37.7166,47.1548,132.9929,47.1548,-0.2234,
Oakland Airport,OAK_T2_60,T2,60,-122.2039,37.7166,54.4603,154.5943,54.4603,-0.2552,
Oakland Airport,OAK_T2_80,T2,80,-122.2036,37.7165,54.3872,176.0292,54.3872,-0.2613,
Oakland Airport,OAK_T2_100,T2,100,-122.2034,37.7165,56.0626,193.8252,56.0626,-0.2162,
Oakland Airport,OAK_T2_120,T2,120,-122.2032,37.7164,61.9183,210.1388,61.9183,-0.2115,
Oakland Airport,OAK_T2_140,T2,140,-122.2030,37.7163,69.8633,225.6640,69.8633,-0.1652,
Oakland Airport,OAK_T2_160,T2,160,-122.2027,37.7163,63.7327,240.6135,63.7327,-0.1611,
Oakland Airport,OAK_T2_180,T2,180,-122.2025,37.7162,54.7654,255.1591,54.7654,-0.1312,
Oakland Airport,OAK_T2_200,T2,200,-122.2022,37.7162,42.4779,275.4366,42.4779,-0.1650,
Piper Park,LPP_T1_20,T1,20,-122.5301,37.9414,12.6855,312.8759,12.6855,1.7818,
Piper Park,LPP_T1_40,T1,40,-122.5304,37.9413,27.9637,307.2429,27.9637,1.7200,
Piper Park,LPP_T1_60,T1,60,-122.5306,37.9413,43.2420,287.5635,43.2420,1.7148,
Piper Park,LPP_T1_80,T1,80,-122.5308,37.9413,58.8460,268.0235,58.8460,1.7158,
Piper Park,LPP_T1_100,T1,100,-122.5310,37.9412,68.9001,248.4595,68.9001,1.7205,
Piper Park,LPP_T1_120,T1,120,-122.5313,37.9412,68.6447,228.9757,68.6447,1.7060,
Piper Park,LPP_T1_140,T1,140,-122.5315,37.9412,70.0083,209.6888,70.0083,1.7114,
Piper Park,LPP_T1_160,T1,160,-122.5317,37.9411,71.4589,190.4444,71.4589,1.7084,
Piper Park,LPP_T1_180,T1,180,-122.5319,37.9411,72.7011,171.3795,72.7011,1.7132,
Piper Park,LPP_T2_20,T2,20,-122.5278,37.9433,29.9480,135.9488,29.9480,1.7127,
Piper Park,LPP_T2_40,T2,40,-122.5282,37.9436,8.5697,168.8256,8.5697,1.6828,
Piper Park,LPP_T2_60,T2,60,-122.5285,37.9436,2.1350,165.8176,2.1350,1.7309,
Piper Park,LPP_T2_80,T2,80,-122.5286,37.9436,5.2478,170.2112,5.2478,1.7993,
Plummer Slough Bridge,PLU_T1_20,T1,20,-122.0552,37.5140,289.5810,305.9007,10.7246,2.1624,
Plummer Slough Bridge,PLU_T1_40,T1,40,-122.0552,37.5139,296.4790,312.7498,11.8159,1.9728,
Plummer Slough Bridge,PLU_T1_60,T1,60,-122.0552,37.5137,302.4868,319.8423,18.0873,1.9727,
Plummer Slough Bridge,PLU_T1_80,T1,80,-122.0551,37.5135,310.1625,328.9792,18.1959,2.1224,
Plummer Slough Bridge,PLU_T1_100,T1,100,-122.0551,37.5133,316.9205,336.7403,19.2233,2.1292,
Plummer Slough Bridge,PLU_T1_120,T1,120,-122.0550,37.5132,325.7555,346.6816,21.0436,2.0995,
Plummer Slough Bridge,PLU_T1_140,T1,140,-122.0550,37.5130,335.2037,357.1094,22.9316,2.1675,
Plummer Slough Bridge,PLU_T1_160,T1,160,-122.0549,37.5128,344.5699,367.2414,24.4940,2.1610,
Plummer Slough Bridge,PLU_T1_180,T1,180,-122.0549,37.5126,355.5577,378.9629,26.2417,2.1725,
Plummer Slough Bridge,PLU_T1_200,T1,200,-122.0548,37.5124,368.1097,392.1474,27.3071,2.1668,
Plummer Slough Bridge,PLU_T2_20,T2,20,-122.0546,37.5140,245.0269,261.8535,44.8665,2.0955,
Plummer Slough Bridge,PLU_T2_40,T2,40,-122.0544,37.5140,225.5659,242.9737,44.9900,2.1618,
Plummer Slough Bridge,PLU_T2_60,T2,60,-122.0542,37.5141,206.0605,224.3328,45.6197,2.2504,
Plummer Slough Bridge,PLU_T2_80,T2,80,-122.0540,37.5141,187.4065,206.4782,46.4112,2.4810,
Plummer Slough Bridge,PLU_T2_100,T2,100,-122.0537,37.5141,167.5840,187.6532,47.2958,2.6236,
Plummer Slough Bridge,PLU_T2_120,T2,120,-122.0535,37.5142,148.8756,170.0189,40.7613,2.1410,
Plummer Slough Bridge,PLU_T2_140,T2,140,-122.0533,37.5142,131.1294,153.4414,35.5477,2.1915,
Plummer Slough Bridge,PLU_T2_160,T2,160,-122.0530,37.5142,114.6568,138.4928,32.7283,2.1351,
Plummer Slough Bridge,PLU_T2_180,T2,180,-122.0528,37.5143,98.8615,124.2453,24.1321,2.1846,
Plummer Slough Bridge,PLU_T2_200,T2,200,-122.0526,37.5143,85.4602,111.9263,11.8613,2.3029,
Point Pinole,PTP_T1_20,T1,20,-122.3559,38.0053,584.2209,555.4829,9.7634,2.2897,
Point Pinole,PTP_T1_40,T1,40,-122.3558,38.0055,599.0290,573.7149,16.4703,1.8733,
Point Pinole,PTP_T1_60,T1,60,-122.3558,38.0056,614.8024,593.1511,29.0386,1.7534,
Point Pinole,PTP_T1_80,T1,80,-122.3558,38.0058,630.3007,612.8412,40.2402,1.7647,
Point Pinole,PTP_T1_100,T1,100,-122.3557,38.0060,641.5878,629.6185,34.0410,1.7699,
Point Pinole,PTP_T1_120,T1,120,-122.3556,38.0062,657.2017,649.0506,40.0938,1.7799,
Point Pinole,PTP_T1_140,T1,140,-122.3556,38.0064,674.9129,670.0066,45.1447,1.8086,
Point Pinole,PTP_T1_160,T1,160,-122.3555,38.0066,690.2530,689.1474,41.2896,1.7733,
Point Pinole,PTP_T1_180,T1,180,-122.3556,38.0068,711.8127,712.6840,41.3048,1.7910,
Point Pinole,PTP_T1_200,T1,200,-122.3554,38.0069,719.5734,726.6554,61.0838,1.7680,
Point Pinole,PTP_T2_20,T2,20,-122.3555,38.0075,780.0147,789.1206,57.1707,1.8757,
Point Pinole,PTP_T2_40,T2,40,-122.3553,38.0075,767.3171,782.4601,65.7764,1.7567,
Point Pinole,PTP_T2_60,T2,60,-122.3550,38.0074,751.7252,773.5698,79.0214,1.7576,
Point Pinole,PTP_T2_80,T2,80,-122.3548,38.0074,741.7450,770.4717,87.0732,1.7863,
Point Pinole,PTP_T2_100,T2,100,-122.3545,38.0074,732.0853,768.6396,94.7375,1.8046,
Point Pinole,PTP_T2_120,T2,120,-122.3543,38.0074,721.3419,765.2519,99.7700,1.7953,
Point Pinole,PTP_T2_140,T2,140,-122.3541,38.0073,708.1633,759.3964,90.0146,1.7872,
Point Pinole,PTP_T2_160,T2,160,-122.3538,38.0073,697.8694,756.9014,77.9280,1.8289,
Point Pinole,PTP_T2_180,T2,180,-122.3536,38.0073,689.4943,756.0253,69.4353,1.8570,
Professional Circle,PRO_T1_20,T1,20,-122.4914,37.9608,28.4164,73.6315,3.0075,1.7068,
Professional Circle,PRO_T1_40,T1,40,-122.4914,37.9609,29.7915,71.1815,5.0574,1.4132,
Professional Circle,PRO_T1_60,T1,60,-122.4914,37.9611,31.2527,72.3280,5.0804,1.5668,
Professional Circle,PRO_T1_80,T1,80,-122.4914,37.9612,32.6030,76.6952,3.3788,1.4052,
Professional Circle,PRO_T1_100,T1,100,-122.4915,37.9614,33.9787,83.9364,2.9184,1.3754,
Professional Circle,PRO_T1_120,T1,120,-122.4915,37.9615,35.4399,93.4164,2.4474,1.3780,
Professional Circle,PRO_T1_140,T1,140,-122.4915,37.9616,37.5195,104.4220,3.0104,1.4881,
Professional Circle,PRO_T1_160,T1,160,-122.4915,37.9618,44.5563,116.4734,3.3101,1.4455,
Professional Circle,PRO_T1_180,T1,180,-122.4916,37.9619,55.4864,129.4763,1.8500,1.3906,
Professional Circle,PRO_T1_200,T1,200,-122.4916,37.9621,68.3658,143.0364,0.8810,,
Professional Circle,PRO_T2_20,T2,20,-122.4931,37.9547,30.2908,323.0359,14.3791,-0.6598,
Professional Circle,PRO_T2_40,T2,40,-122.4932,37.9548,46.0789,324.1662,16.6637,-0.6545,
Professional Circle,PRO_T2_60,T2,60,-122.4932,37.9550,61.9429,325.9859,17.3194,-0.6775,
Professional Circle,PRO_T2_80,T2,80,-122.4932,37.9551,77.7984,328.6461,16.6734,-0.6949,
Professional Circle,PRO_T2_100,T2,100,-122.4933,37.9553,93.6884,331.9677,15.4131,-0.6945,
Professional Circle,PRO_T2_120,T2,120,-122.4933,37.9554,109.5345,336.1623,15.6175,-0.7258,
Professional Circle,PRO_T2_140,T2,140,-122.4934,37.9555,125.4326,340.8960,15.9956,-0.7169,
Professional Circle,PRO_T2_160,T2,160,-122.4934,37.9557,141.4393,346.3601,18.4009,-0.7117,
Professional Circle,PRO_T2_180,T2,180,-122.4935,37.9558,157.3171,352.4695,15.9745,-0.7324,
Professional Circle,PRO_T2_200,T2,200,-122.4935,37.9560,173.1961,359.1780,11.5316,-0.6982,
Radio Point,RAD_T1_20,T1,20,-122.2305,37.5486,199.6590,522.2842,24.6055,1.9904,
Radio Point,RAD_T1_40,T1,40,-122.2305,37.5488,214.5350,526.3885,44.4517,1.9797,
Radio Point,RAD_T1_60,T1,60,-122.2305,37.5489,229.4111,531.2144,64.2980,1.9995,
Radio Point,RAD_T2_20,T2,20,-122.2262,37.5463,57.8780,583.1235,22.9677,2.0693,
Radio Point,RAD_T2_40,T2,40,-122.2262,37.5465,74.9554,600.1059,18.0642,2.1018,
Radio Point,RAD_T2_60,T2,60,-122.2261,37.5467,93.0284,617.2682,20.2361,2.0256,
Radio Point,RAD_T2_80,T2,80,-122.2260,37.5468,111.7056,634.6602,14.7843,2.0739,
Radio Point,RAD_T2_100,T2,100,-122.2260,37.5470,130.3578,652.1392,14.7235,2.0154,
Ravenswood Slough,RAV_T1_20,T1,20,-122.1482,37.4922,595.4607,783.4192,23.3392,4.1266,
Ravenswood Slough,RAV_T1_20,T1,20,-122.1461,37.4920,581.1333,631.3154,10.5224,4.1266,
Ravenswood Slough,RAV_T1_40,T1,40,-122.1482,37.4920,575.7297,767.9316,41.1113,4.1376,
Ravenswood Slough,RAV_T1_40,T1,40,-122.1463,37.4920,580.6236,647.8067,13.1916,4.1376,
Ravenswood Slough,RAV_T1_60,T1,60,-122.1481,37.4918,555.9987,752.4440,49.3232,4.1687,
Ravenswood Slough,RAV_T1_60,T1,60,-122.1466,37.4920,576.8454,662.3540,19.2082,4.1687,
Ravenswood Slough,RAV_T1_80,T1,80,-122.1481,37.4916,536.2676,736.9564,32.2858,4.2638,
Ravenswood Slough,RAV_T1_80,T1,80,-122.1468,37.4920,571.6731,673.7390,24.7221,4.2638,
Ravenswood Slough,RAV_T1_100,T1,100,-122.1481,37.4915,516.5366,721.4681,15.4713,4.2771,
Ravenswood Slough,RAV_T1_100,T1,100,-122.1471,37.4919,564.1056,686.6955,32.4875,4.2771,
Ravenswood Slough,RAV_T1_120,T1,120,-122.1473,37.4918,555.6031,695.7907,40.0537,2.0811,
Ravenswood Slough,RAV_T1_140,T1,140,-122.1475,37.4918,548.6758,705.7033,21.7833,2.1548,
Ravenswood Slough,RAV_T1_160,T1,160,-122.1477,37.4917,541.1808,714.1890,13.2197,2.1614,
Ravenswood Slough,RAV_T1_180,T1,180,-122.1480,37.4916,533.3653,725.6378,21.8711,2.1492,
Ravenswood Slough,RAV_T1_200,T1,200,-122.1482,37.4916,528.6726,736.7140,30.9273,2.1485,
Ravenswood Slough,RAV_T2_20,T2,20,-122.1514,37.4923,602.1149,998.5090,23.7284,2.1031,
Ravenswood Slough,RAV_T2_40,T2,40,-122.1515,37.4921,589.7146,999.7998,43.7003,2.0484,
Ravenswood Slough,RAV_T2_60,T2,60,-122.1517,37.4920,577.6292,1001.0171,63.7510,2.0608,
Ravenswood Slough,RAV_T2_80,T2,80,-122.1519,37.4919,566.1053,1002.3080,83.7231,2.0463,
Ravenswood Slough,RAV_T2_100,T2,100,-122.1520,37.4917,554.9526,1003.5254,78.3217,2.1084,
Ravenswood Slough,RAV_T2_120,T2,120,-122.1522,37.4916,544.1785,1004.8164,58.6333,2.0104,
Renzel Wetlands,REN_T1_20,T1,20,-122.1113,37.4503,24.4629,176.1709,13.7346,0.3107,
Renzel Wetlands,REN_T1_40,T1,40,-122.1115,37.4502,42.5032,179.3754,32.8078,0.7380,
Renzel Wetlands,REN_T1_60,T1,60,-122.1117,37.4500,60.5434,184.7014,38.6396,0.5020,
Renzel Wetlands,REN_T1_80,T1,80,-122.1118,37.4499,65.1597,191.9493,37.3963,0.5658,
Renzel Wetlands,REN_T1_100,T1,100,-122.1120,37.4498,69.4010,200.8527,42.8326,0.6440,
Renzel Wetlands,REN_T1_120,T1,120,-122.1122,37.4497,74.3096,211.3763,54.6297,0.6047,
Renzel Wetlands,REN_T1_140,T1,140,-122.1124,37.4496,79.9135,223.1989,65.5725,0.5715,
Renzel Wetlands,REN_T1_160,T1,160,-122.1125,37.4495,87.7603,236.1301,77.0192,0.6623,
Renzel Wetlands,REN_T1_180,T1,180,-122.1127,37.4494,98.1311,249.9949,88.6186,0.6223,
Renzel Wetlands,REN_T1_200,T1,200,-122.1129,37.4492,109.3145,264.6453,99.9055,0.6006,
Renzel Wetlands,REN_T2_20,T2,20,-122.1150,37.4490,35.8644,317.8065,24.4637,0.5132,
Renzel Wetlands,REN_T2_40,T2,40,-122.1149,37.4488,53.3807,337.0933,41.9038,0.4967,
Renzel Wetlands,REN_T2_60,T2,60,-122.1148,37.4486,71.6498,356.3800,60.9387,0.5210,
Renzel Wetlands,REN_T2_80,T2,80,-122.1148,37.4485,90.6428,375.6116,80.4260,0.5706,
Renzel Wetlands,REN_T2_100,T2,100,-122.1147,37.4483,109.9963,377.8141,100.1198,0.6016,
Renzel Wetlands,REN_T2_120,T2,120,-122.1146,37.4481,129.6556,379.7304,119.9565,0.5752,
Renzel Wetlands,REN_T2_140,T2,140,-122.1145,37.4480,149.3050,381.6026,139.6648,0.6102,
Renzel Wetlands,REN_T2_160,T2,160,-122.1144,37.4478,169.0508,383.5532,159.3936,0.6544,
Renzel Wetlands,REN_T2_180,T2,180,-122.1143,37.4476,188.8505,385.5034,179.1224,0.5146,
Renzel Wetlands,REN_T2_200,T2,200,-122.1142,37.4475,208.6644,387.3673,198.8554,0.5691,
Ringstrom,RNG_T1_20,T1,20,-122.4079,38.2226,3947.7393,905.7866,13.9023,1.4884,
Ringstrom,RNG_T1_40,T1,40,-122.4081,38.2226,3928.3909,916.5438,21.3517,1.6465,
Ringstrom,RNG_T1_60,T1,60,-122.4084,38.2225,3909.1446,927.4803,28.4932,1.8007,
Ringstrom,RNG_T1_80,T1,80,-122.4086,38.2225,3889.8102,938.8432,34.5539,1.8383,
Ringstrom,RNG_T1_100,T1,100,-122.4088,38.2224,3870.5705,950.4683,41.4586,1.7501,
Ringstrom,RNG_T1_120,T1,120,-122.4090,38.2223,3851.2582,962.2879,48.8106,1.9921,
Ringstrom,RNG_T2_20,T2,20,-122.4143,38.2250,3420.7349,983.3453,19.1648,1.6054,
Ringstrom,RNG_T2_40,T2,40,-122.4144,38.2248,3409.2610,1001.6062,34.5716,1.9952,
Ringstrom,RNG_T2_60,T2,60,-122.4145,38.2246,3397.8660,1019.9324,47.6341,1.6274,
Ringstrom,RNG_T2_80,T2,80,-122.4146,38.2245,3386.6374,1038.2545,61.3167,1.7969,
Ringstrom,RNG_T2_100,T2,100,-122.4147,38.2243,3375.4028,1056.7016,75.2071,1.6977,
Ringstrom,RNG_T2_120,T2,120,-122.4148,38.2241,3364.2495,1075.2043,89.5280,1.7672,
Ringstrom,RNG_T2_140,T2,140,-122.4149,38.2240,3353.1784,1093.7597,94.5743,2.1123,
Ringstrom,RNG_T2_160,T2,160,-122.4150,38.2238,3342.1903,1112.3653,100.5773,1.8969,
Rush Creek,RCR_T1_20,T1,20,-122.5616,38.1212,344.7267,301.5191,2.5593,1.4250,
Rush Creek,RCR_T1_40,T1,40,-122.5613,38.1213,335.5025,322.5467,2.2689,1.5207,
Rush Creek,RCR_T1_60,T1,60,-122.5611,38.1214,331.2900,341.3059,4.3698,1.4348,
Rush Creek,RCR_T1_80,T1,80,-122.5609,38.1215,323.4665,365.2004,0.3097,,
Rush Creek,RCR_T1_100,T1,100,-122.5607,38.1216,328.1553,381.1160,0.4198,1.4557,
Rush Creek,RCR_T1_120,T1,120,-122.5605,38.1217,324.6315,400.6730,2.5603,1.8063,
Rush Creek,RCR_T1_140,T1,140,-122.5604,38.1218,332.7705,414.8321,2.3061,1.2610,
Rush Creek,RCR_T1_160,T1,160,-122.5602,38.1219,336.8650,432.9212,2.3167,1.4691,
Rush Creek,RCR_T1_180,T1,180,-122.5600,38.1221,343.1787,449.6556,2.0707,1.3769,
Rush Creek,RCR_T1_200,T1,200,-122.5598,38.1222,347.7805,469.8006,1.1849,,
San Bruno Canal,SBC_T1_20,T1,20,-122.3937,37.6430,10.4093,459.5579,8.2718,2.2517,
San Bruno Canal,SBC_T1_40,T1,40,-122.3936,37.6431,12.6794,463.6499,8.2651,2.3284,
San Bruno Canal,SBC_T1_60,T1,60,-122.3934,37.6433,14.0576,448.0459,7.3026,2.2372,
San Bruno Canal,SBC_T1_80,T1,80,-122.3933,37.6434,16.7937,434.5411,9.3476,2.7001,
San Bruno Canal,SBC_T1_100,T1,100,-122.3932,37.6436,21.1798,418.8814,2.6340,2.3330,
San Bruno Canal,SBC_T1_120,T1,120,-122.3931,37.6437,34.6788,402.7215,5.7011,1.7233,
San Bruno Canal,SBC_T1_140,T1,140,-122.3930,37.6439,45.4336,390.8023,0.1294,,
San Bruno Canal,SBC_T1_160,T1,160,-122.3933,37.6438,17.3881,391.6104,14.5239,2.1284,
San Bruno Canal,SBC_T1_180,T1,180,-122.3935,37.6439,15.9155,375.7127,4.4593,2.4705,
San Bruno Canal,SBC_T1_200,T1,200,-122.3933,37.6439,29.4805,377.6456,0.1560,1.8096,
San Bruno Canal,SBC_T2_20,T2,20,-122.3937,37.6439,9.6715,377.3899,2.2624,2.4246,
San Bruno Canal,SBC_T2_40,T2,40,-122.3939,37.6438,13.2583,380.8133,5.6136,3.0810,
San Bruno Canal,SBC_T2_60,T2,60,-122.3941,37.6437,13.7202,388.5206,4.5685,2.6953,
San Bruno Canal,SBC_T2_80,T2,80,-122.3943,37.6436,11.9126,398.8440,2.5480,1.9882,
San Bruno Canal,SBC_T2_100,T2,100,-122.3945,37.6435,8.9667,412.5581,3.8814,2.8956,
San Bruno Canal,SBC_T2_120,T2,120,-122.3947,37.6434,8.4642,423.0486,3.1275,2.8520,
San Mateo Bridge,SMB_T1_20,T1,20,-122.1488,37.6155,1658.3735,329.8653,12.6536,2.0571,
San Mateo Bridge,SMB_T1_40,T1,40,-122.1488,37.6157,1651.3249,309.5538,12.4128,2.0566,
San Mateo Bridge,SMB_T1_60,T1,60,-122.1489,37.6159,1647.3601,288.1288,15.2549,2.0152,
San Mateo Bridge,SMB_T1_80,T1,80,-122.1490,37.6161,1643.6414,266.8419,18.0289,2.0224,
San Mateo Bridge,SMB_T1_100,T1,100,-122.1491,37.6163,1642.1294,246.1220,22.5090,2.0173,
San Mateo Bridge,SMB_T1_120,T1,120,-122.1491,37.6164,1638.3610,225.2360,24.6229,2.0231,
San Mateo Bridge,SMB_T1_140,T1,140,-122.1492,37.6166,1636.5223,203.9378,28.2107,2.0211,
San Mateo Bridge,SMB_T1_160,T1,160,-122.1493,37.6168,1632.7206,185.2598,28.7093,2.0046,
San Mateo Bridge,SMB_T1_180,T1,180,-122.1493,37.6170,1629.5379,163.2566,29.3192,1.9770,
San Mateo Bridge,SMB_T1_200,T1,200,-122.1494,37.6172,1626.9609,142.6720,32.8644,1.9596,
San Mateo Bridge,SMB_T2_20,T2,20,-122.1494,37.6180,1590.1541,58.9672,17.5198,1.9003,
San Mateo Bridge,SMB_T2_40,T2,40,-122.1496,37.6180,1610.3900,57.2054,36.7449,1.9443,
San Mateo Bridge,SMB_T2_60,T2,60,-122.1498,37.6179,1631.3118,54.4492,32.5813,1.9602,
San Mateo Bridge,SMB_T2_80,T2,80,-122.1500,37.6179,1649.9741,50.0164,26.0992,2.0457,
San Mateo Bridge,SMB_T2_100,T2,100,-122.1505,37.6178,1690.3430,40.9958,14.4315,2.0913,
San Mateo Bridge,SMB_T2_120,T2,120,-122.1507,37.6177,1714.5446,36.3450,8.7183,2.0610,
San Mateo Bridge,SMB_T2_140,T2,140,-122.1510,37.6177,1736.4078,35.4126,5.3103,2.1930,
San Mateo Bridge,SMB_T2_160,T2,160,-122.1512,37.6176,1756.8326,35.6625,3.5580,2.2182,
San Mateo Bridge,SMB_T2_180,T2,180,-122.1514,37.6175,1777.5522,35.2511,4.1082,2.3309,
San Mateo Bridge,SMB_T2_200,T2,200,-122.1516,37.6174,1797.1992,33.6023,3.6891,2.0102,
San Pablo Creek,SPC_T1_20,T1,20,-122.3712,37.9728,68.0558,114.7537,17.5662,1.8709,
San Pablo Creek,SPC_T1_40,T1,40,-122.3713,37.9730,74.7892,133.1906,37.5504,1.8256,
San Pablo Creek,SPC_T1_60,T1,60,-122.3714,37.9732,81.5300,151.5514,57.4684,1.8159,
San Pablo Creek,SPC_T1_80,T1,80,-122.3715,37.9733,88.2709,149.0283,64.9416,1.7922,
San Pablo Creek,SPC_T1_100,T1,100,-122.3716,37.9735,95.0993,141.9372,72.9082,1.7388,
San Pablo Creek,SPC_T1_120,T1,120,-122.3717,37.9737,101.8401,137.3468,81.3095,1.7227,
San Pablo Creek,SPC_T2_20,T2,20,-122.3717,37.9726,112.2080,125.6447,18.3883,1.8421,
San Pablo Creek,SPC_T2_40,T2,40,-122.3719,37.9726,132.0808,139.6611,32.9932,1.8257,
San Pablo Creek,SPC_T2_60,T2,60,-122.3722,37.9726,152.0639,153.7415,48.8355,1.6998,
San Pablo Creek,SPC_T2_80,T2,80,-122.3724,37.9727,170.7022,174.6510,70.3859,1.7793,
San Pablo Creek,SPC_T2_100,T2,100,-122.3726,37.9727,188.1712,192.8765,89.2343,1.7726,
San Pablo Creek,SPC_T2_120,T2,120,-122.3728,37.9728,206.0012,213.1570,109.9711,1.7319,
San Pablo Creek,SPC_T2_140,T2,140,-122.3730,37.9730,220.1206,236.7492,133.1621,1.7493,
Snag Island,SGI_T1_20,T1,20,-121.9770,38.0746,2622.9119,3703.6780,19.5176,1.9570,
Snag Island,SGI_T1_40,T1,40,-121.9771,38.0744,2603.1003,3686.4200,28.4524,1.9230,
Snag Island,SGI_T1_60,T1,60,-121.9772,38.0743,2582.5459,3668.0568,33.2294,1.9180,
Snag Island,SGI_T1_80,T1,80,-121.9773,38.0741,2563.6775,3649.5008,46.0040,1.9250,
Snag Island,SGI_T1_100,T1,100,-121.9774,38.0739,2544.2603,3631.5926,39.1943,1.9960,
Snag Island,SGI_T1_120,T1,120,-121.9774,38.0738,2523.9346,3611.7017,20.1477,2.0670,
Snag Island,SGI_T1_140,T1,140,-121.9774,38.0736,2507.0774,3592.8484,15.1499,1.9930,
Snag Island,SGI_T1_160,T1,160,-121.9774,38.0734,2490.2326,3573.8854,22.3440,2.0460,
Snag Island,SGI_T1_180,T1,180,-121.9773,38.0733,2472.5579,3554.3623,38.6809,2.0220,
Snag Island,SGI_T1_200,T1,200,-121.9772,38.0731,2459.6009,3537.4257,58.1118,1.9310,
Snag Island,SGI_T2_20,T2,20,-121.9780,38.0730,2423.8676,3521.7858,30.2568,1.9110,
Snag Island,SGI_T2_40,T2,40,-121.9777,38.0730,2430.9354,3522.4426,38.8009,1.9290,
Snag Island,SGI_T2_60,T2,60,-121.9775,38.0729,2433.2425,3518.4298,48.3845,2.0090,
Snag Island,SGI_T2_80,T2,80,-121.9773,38.0729,2431.5796,3510.5255,48.2731,1.8950,
Snag Island,SGI_T2_100,T2,100,-121.9771,38.0728,2429.2068,3501.0757,56.3036,1.9200,
Snag Island,SGI_T2_120,T2,120,-121.9769,38.0727,2429.4000,3494.7262,70.0246,1.9930,
Snag Island,SGI_T2_140,T2,140,-121.9767,38.0726,2420.5556,3480.2520,79.7364,1.9030,
Snag Island,SGI_T2_160,T2,160,-121.9765,38.0724,2410.8422,3463.9010,81.4886,2.0270,
Snag Island,SGI_T2_180,T2,180,-121.9764,38.0723,2403.5367,3450.4407,67.7954,2.0360,
Snag Island,SGI_T2_200,T2,200,-121.9762,38.0722,2397.5470,3437.6121,58.6134,2.0050,
Steinberger Slough,STN_T1_20,T1,20,-122.2329,37.5375,38.9524,71.8579,21.4374,2.0662,
Steinberger Slough,STN_T1_40,T1,40,-122.2326,37.5375,53.4656,88.0399,41.4825,2.0391,
Steinberger Slough,STN_T1_60,T1,60,-122.2324,37.5376,70.6658,105.3101,61.4411,2.0415,
Steinberger Slough,STN_T1_80,T1,80,-122.2322,37.5376,89.0407,123.4035,81.4625,2.0523,
Steinberger Slough,STN_T1_100,T1,100,-122.2320,37.5376,108.0562,142.0740,101.5075,2.0638,
Steinberger Slough,STN_T1_120,T1,120,-122.2318,37.5377,127.2600,160.9144,90.4811,2.0477,
Steinberger Slough,STN_T1_140,T1,140,-122.2315,37.5377,146.7853,180.0630,73.6772,2.0484,
Steinberger Slough,STN_T1_160,T1,160,-122.2313,37.5378,166.3528,199.3090,56.9558,2.0572,
Steinberger Slough,STN_T2_20,T2,20,-122.2296,37.5412,115.1886,238.1179,24.4033,2.0424,
Steinberger Slough,STN_T2_40,T2,40,-122.2295,37.5410,134.9925,253.6374,40.7767,2.0202,
Steinberger Slough,STN_T2_60,T2,60,-122.2295,37.5409,154.6896,269.0910,52.1455,2.0081,
Steinberger Slough,STN_T2_80,T2,80,-122.2295,37.5407,174.4691,284.9357,41.2254,1.9923,
Strip Marsh East,SME_T1_20,T1,20,-122.3119,38.1213,1863.2951,17.1443,8.6446,1.6680,
Strip Marsh East,SME_T1_40,T1,40,-122.3117,38.1211,1841.6559,19.1662,10.4539,1.6722,
Strip Marsh East,SME_T1_60,T1,60,-122.3115,38.1210,1820.9036,21.0683,12.1703,1.5457,
Strip Marsh East,SME_T1_80,T1,80,-122.3113,38.1209,1798.5778,20.0608,11.1653,1.5462,
Strip Marsh East,SME_T1_100,T1,100,-122.3111,38.1208,1777.1434,20.6015,11.7085,1.6418,
Strip Marsh East,SME_T1_120,T1,120,-122.3108,38.1207,1756.2398,19.8473,10.9392,1.6542,
Strip Marsh East,SME_T1_140,T1,140,-122.3106,38.1206,1734.0635,19.8520,10.7783,1.6453,
Strip Marsh East,SME_T1_160,T1,160,-122.3104,38.1205,1712.4624,19.1960,10.2958,1.6416,
Strip Marsh East,SME_T1_180,T1,180,-122.3102,38.1204,1691.0067,20.1342,11.4325,1.6718,
Strip Marsh East,SME_T1_200,T1,200,-122.3100,38.1203,1670.0595,18.4885,9.9792,1.6380,
Strip Marsh East,SME_T2_20,T2,20,-122.3047,38.1104,1052.2581,833.5569,477.0110,1.6438,
Strip Marsh East,SME_T2_40,T2,40,-122.3046,38.1102,1053.3386,852.0215,465.1951,1.6722,
Strip Marsh East,SME_T2_60,T2,60,-122.3046,38.1100,1055.2824,870.7651,453.6496,1.6577,
Strip Marsh East,SME_T2_80,T2,80,-122.3045,38.1099,1058.3866,889.0911,442.4920,1.6694,
Strip Marsh East,SME_T2_100,T2,100,-122.3045,38.1097,1062.5125,908.1629,431.2044,1.6711,
Strip Marsh East,SME_T2_120,T2,120,-122.3044,38.1095,1066.0826,926.7178,421.5131,1.6798,
Strip Marsh East,SME_T2_140,T2,140,-122.3044,38.1093,1070.9099,947.0657,411.1441,1.7060,
Strip Marsh East,SME_T2_160,T2,160,-122.3043,38.1091,1075.8210,967.5090,395.1598,1.7139,
Strip Marsh East,SME_T2_180,T2,180,-122.3043,38.1089,1079.0113,985.6014,382.3861,1.7107,
Strip Marsh East,SME_T2_200,T2,200,-122.3042,38.1088,1085.5415,1004.6981,368.0876,1.7294,
Tiscornia Marsh,TIS_T1_20,T1,20,-122.4965,37.9679,54.2012,96.2167,12.1703,2.0129,
Tiscornia Marsh,TIS_T1_40,T1,40,-122.4963,37.9680,73.6463,105.6979,26.7301,2.0424,
Tiscornia Marsh,TIS_T1_60,T1,60,-122.4961,37.9680,93.1640,115.4278,32.9139,2.0902,
Tiscornia Marsh,TIS_T1_80,T1,80,-122.4958,37.9680,112.8388,126.8480,26.3260,2.1046,
Tiscornia Marsh,TIS_T1_100,T1,100,-122.4956,37.9681,132.7014,138.6467,18.6790,2.1357,
Tiscornia Marsh,TIS_T1_120,T1,120,-122.4954,37.9681,140.6849,151.1760,0.4354,,
Tiscornia Marsh,TIS_T2_20,T2,20,-122.4966,37.9701,82.2529,149.3949,15.1902,1.9413,
Tiscornia Marsh,TIS_T2_40,T2,40,-122.4964,37.9702,76.0625,134.4957,21.6857,1.8849,
Tiscornia Marsh,TIS_T2_60,T2,60,-122.4962,37.9703,66.7670,120.9490,9.4816,1.5697,
West Family,WFA_T1_20,T1,20,-122.1089,38.1342,3680.6743,43.4307,36.1204,0.5930,
West Family,WFA_T1_40,T1,40,-122.1086,38.1341,3694.0515,58.6747,51.7034,0.6780,
West Family,WFA_T1_60,T1,60,-122.1084,38.1341,3707.4496,73.8392,66.2250,0.5860,
West Family,WFA_T1_80,T1,80,-122.1082,38.1340,3720.9459,89.0833,80.8245,0.5230,
West Family,WFA_T1_100,T1,100,-122.1080,38.1340,3734.4612,104.2478,95.3826,0.5960,
West Family,WFA_T1_120,T1,120,-122.1078,38.1339,3748.0741,119.4920,110.0245,0.5110,
West Family,WFA_T1_140,T1,140,-122.1076,38.1339,3761.8026,134.6101,125.0720,0.4510,
West Family,WFA_T1_160,T1,160,-122.1073,38.1338,3775.5292,149.8544,141.4484,0.2860,
West Family,WFA_T1_180,T1,180,-122.1071,38.1338,3789.2712,165.0191,158.5825,0.2420,
West Family,WFA_T2_20,T2,20,-122.1082,38.1357,3552.8319,151.1973,12.7466,0.4800,
West Family,WFA_T2_40,T2,40,-122.1081,38.1356,3572.6112,154.1712,31.3064,0.6910,
West Family,WFA_T2_60,T2,60,-122.1080,38.1354,3592.4899,156.5787,49.9771,0.7600,
West Family,WFA_T2_80,T2,80,-122.1079,38.1352,3612.3703,158.7085,68.6479,0.5450,
West Family,WFA_T2_100,T2,100,-122.1078,38.1351,3632.2521,159.7796,87.3186,0.3230,
West Family,WFA_T2_120,T2,120,-122.1078,38.1349,3652.1354,160.8506,105.9893,0.3970,
West Family,WFA_T2_140,T2,140,-122.1077,38.1347,3672.0202,161.9217,124.6600,0.6150,
West Family,WFA_T2_160,T2,160,-122.1076,38.1346,3691.8083,162.7126,143.2197,0.2970,
West Sonoma Creek,WSC_T1_20,T1,20,-122.4052,38.1576,8016.1334,220.8119,16.1611,1.8281,
West Sonoma Creek,WSC_T1_40,T1,40,-122.4054,38.1577,7998.1228,230.4371,35.8093,1.8549,
West Sonoma Creek,WSC_T1_60,T1,60,-122.4056,38.1578,7979.9811,240.1667,55.5865,1.8493,
West Sonoma Creek,WSC_T1_80,T1,80,-122.4057,38.1579,7961.9892,249.7921,75.3522,1.8212,
West Sonoma Creek,WSC_T1_100,T1,100,-122.4059,38.1580,7944.0067,259.4175,77.7762,1.8333,
West Sonoma Creek,WSC_T1_120,T1,120,-122.4061,38.1581,7925.9883,269.0365,61.5961,1.8779,
West Sonoma Creek,WSC_T1_140,T1,140,-122.4063,38.1582,7908.0249,278.6620,45.2273,1.9176,
West Sonoma Creek,WSC_T2_20,T2,20,-122.3968,38.1593,7973.9731,601.5314,20.6411,1.7181,
West Sonoma Creek,WSC_T2_40,T2,40,-122.3968,38.1595,7963.3963,621.1718,40.6008,1.7583,
West Sonoma Creek,WSC_T2_60,T2,60,-122.3968,38.1597,7952.9325,640.7911,60.5619,1.7668,
West Sonoma Creek,WSC_T2_80,T2,80,-122.3968,38.1598,7942.5054,660.4103,80.5230,1.8056,
West Sonoma Creek,WSC_T2_100,T2,100,-122.3968,38.1600,7932.0380,678.8750,100.4827,1.8101,
West Sonoma Creek,WSC_T2_120,T2,120,-122.3968,38.1602,7921.6844,697.1967,120.4438,1.8457,
West Sonoma Creek,WSC_T2_140,T2,140,-122.3968,38.1604,7911.3678,715.5183,140.4050,1.8650,
West Sonoma Creek,WSC_T2_160,T2,160,-122.3967,38.1606,7901.0111,733.8790,160.3646,1.8975,
West Sonoma Creek,WSC_T2_180,T2,180,-122.3967,38.1607,7890.7516,752.2006,163.1784,1.8378,
West Sonoma Creek,WSC_T2_200,T2,200,-122.3967,38.1609,7880.4996,770.5223,143.3496,1.8853,
White Slough,WSL_T1_20,T1,20,-122.2618,38.1330,59.7123,26.8168,13.7173,1.6748,
White Slough,WSL_T1_40,T1,40,-122.2619,38.1332,79.0022,46.0361,13.0252,1.6852,
White Slough,WSL_T1_60,T1,60,-122.2621,38.1333,97.7997,64.7623,4.5099,1.6977,
White Slough,WSL_T1_80,T1,80,-122.2622,38.1334,116.7032,83.5075,11.4547,1.6979,
White Slough,WSL_T1_100,T1,100,-122.2623,38.1336,134.1295,100.7568,14.0852,1.7498,
White Slough,WSL_T1_120,T1,120,-122.2624,38.1337,151.8282,118.3829,12.3619,1.7200,
White Slough,WSL_T1_140,T1,140,-122.2626,38.1339,172.9340,139.3992,10.9924,1.7679,
White Slough,WSL_T1_160,T1,160,-122.2627,38.1340,193.0648,159.4093,11.5164,1.7530,
White Slough,WSL_T1_180,T1,180,-122.2628,38.1342,213.2530,179.3394,12.1126,1.7366,
White Slough,WSL_T1_200,T1,200,-122.2629,38.1344,231.7308,197.4919,5.7382,1.7230,
White Slough,WSL_T2_20,T2,20,-122.2629,38.1321,65.6479,31.7833,2.9821,1.7942,
White Slough,WSL_T2_40,T2,40,-122.2631,38.1320,71.7018,37.6522,10.4157,1.5196,
White Slough,WSL_T2_60,T2,60,-122.2632,38.1319,71.0739,36.8404,13.5295,1.6097,
White Slough,WSL_T2_80,T2,80,-122.2634,38.1320,90.8615,56.5616,20.6000,1.5635,
White Slough,WSL_T2_100,T2,100,-122.2636,38.1321,112.9438,78.6237,16.8917,1.7039,
White Slough,WSL_T2_120,T2,120,-122.2638,38.1322,133.4034,99.0694,13.2115,1.7223,
White Slough,WSL_T2_140,T2,140,-122.2640,38.1323,153.1910,118.7905,21.4278,1.7365,
White Slough,WSL_T2_160,T2,160,-122.2643,38.1324,174.2114,139.7709,28.8925,1.5866,
White Slough,WSL_T2_180,T2,180,-122.2645,38.1324,193.1501,158.6526,34.4652,1.6427,
White Slough,WSL_T2_200,T2,200,-122.2647,38.1325,210.9200,176.3519,32.7168,1.6365,
Whittell,WHT_T1_20,T1,20,-122.3557,38.0068,721.7374,719.1354,28.8237,1.9417,
Whittell,WHT_T1_40,T1,40,-122.3555,38.0069,720.3459,723.7428,48.7628,1.7941,
Whittell,WHT_T1_60,T1,60,-122.3553,38.0070,719.3946,728.7619,68.7141,1.7504,
Whittell,WHT_T1_80,T1,80,-122.3551,38.0070,718.7446,734.4118,88.6398,1.7646,
Whittell,WHT_T1_100,T1,100,-122.3549,38.0071,718.0559,740.4353,90.8839,1.7729,
Whittell,WHT_T1_120,T1,120,-122.3547,38.0072,717.3673,746.8274,89.5355,1.7818,
Whittell,WHT_T1_140,T1,140,-122.3545,38.0073,716.5820,753.5870,90.9364,1.7849,
Whittell,WHT_T1_160,T1,160,-122.3543,38.0073,716.2299,760.9226,96.6561,1.7840,
Whittell,WHT_T1_180,T1,180,-122.3541,38.0074,716.4378,768.7102,83.3259,1.7950,
Whittell,WHT_T2_20,T2,20,-122.3584,38.0055,733.7045,671.0884,1.4474,2.1426,
Whittell,WHT_T2_40,T2,40,-122.3584,38.0056,750.5550,689.3960,4.6430,2.0975,
Whittell,WHT_T2_60,T2,60,-122.3585,38.0058,767.5309,707.7495,14.9777,1.8548,
Whittell,WHT_T2_80,T2,80,-122.3585,38.0060,784.6788,726.2227,29.5200,1.7788,
Whittell,WHT_T2_100,T2,100,-122.3585,38.0062,801.8749,744.6069,46.9342,1.7864,
Whittell,WHT_T2_120,T2,120,-122.3586,38.0064,819.1962,762.9999,56.6619,1.8102,
Whittell,WHT_T2_140,T2,140,-122.3586,38.0065,836.7237,781.5546,59.9769,1.8048,
Whittell,WHT_T2_160,T2,160,-122.3586,38.0067,854.3252,800.1293,66.0233,1.8173,
Whittell,WHT_T2_180,T2,180,-122.3587,38.0069,872.0679,818.8238,74.1441,1.8205,
Winter Island,WIN_T1_20,T1,20,-121.8489,38.0474,1974.0742,2339.8978,40.4942,,
Winter Island,WIN_T1_40,T1,40,-121.8489,38.0473,1954.1744,2320.1499,51.9250,,
Winter Island,WIN_T1_60,T1,60,-121.8491,38.0472,1939.2697,2307.8247,70.9773,,
Winter Island,WIN_T1_80,T1,80,-121.8492,38.0470,1921.1139,2291.6621,89.8490,,
Winter Island,WIN_T1_100,T1,100,-121.8493,38.0469,1903.3422,2276.0165,106.8256,,
